Id,Title,Short Description,Product_link,Description,Product Name,Product Brand,Outfit Name,Outfit Description,Outfit Image,Movie/Show,Series Description,Series No,Episode,Celebrity Name,Character Name,Celebrity Image,Celebrity Type,Image1,Image2,Media,Buy,Buy Link,Extra_description,Source,Key works,In House,In House Price,Why we Like it,Who will this suit,Region,Year ,Video,Exact Image,Exact Store,Exact Price,Exact BuyLink,Similar Image,Similar Store,Similar Price,Similar BuyLink,Get It Second Hand
50310,10 News First: September 2021 Jennifer’s Yellow Blazer,,https://www.shopyourtv.com/10-news-first-september-2021-jennifers-yellow-blazer/,[],['Bianca Spender Opening Night Blazer - Yellow'],,,,,['10 News First'],,,"['""September 2021""']",['Jennifer Keyte'],,https://www.shopyourtv.com/wp-content/uploads/2021/09/yel-420x346.jpg?v=1630572789,Mainstream,,,,,,,Shopurtv,,,,,,,,,,,,,,,,,eBay
39149,10 News First: June 2019 Amanda’s Orange Blazer,,https://www.shopyourtv.com/10-news-first-june-2019-amandas-orange-blazer/,[],[],,,,,[],,,[],[],,https://www.shopyourtv.com/wp-content/uploads/2019/06/orange-blazer-420x387.jpg,Mainstream,,,,,,,Shopurtv,,,,,,,,,,,,,,,,,[]
91843,10 News First: September 2020 Jen’s Wrap Pink Blouse,,https://www.shopyourtv.com/10-news-first-september-2020-jens-wrap-pink-blouse/,Wrap Blouse,['Carla Zampatti The Passion Pink Ombre Wrap Shirt'],,,,,['10 News First'],,,['19th September 2020'],['Jennifer Keyte'],,https://www.shopyourtv.com/wp-content/uploads/2020/09/tv-show-fashion-4-420x331.jpg?v=1600734417,Mainstream,,,,– $569.00,https://www.carlazampatti.com.au/products/the-passion-pink-ombre-wrap-shirt?variant=32856494440525&utm_medium=cpc&utm_source=google&utm_campaign=Google%20Shopping&gclid=Cj0KCQjwnqH7BRDdARIsACTSAdtl7kGx2y0xAHOVD2FBQXYi23a5omFL0q7nUmic1hjZLllmyeqMFTkaAh3ZEALw_wcB,,Shopurtv,,,,,,,,,,,,,,,,,[]
36531,10 News First (AU): Studio 10 September 2019 Tash’s Pink Blazer,,https://www.shopyourtv.com/10-news-first-au-studio-10-september-2019-tashs-pink-blazer/,[],[],,,,,[],,,[],[],,https://www.shopyourtv.com/wp-content/uploads/2019/09/Aus-TV-Talk-Shows-17-420x307.jpg,Mainstream,,,,,,,Shopurtv,,,,,,,,,,,,,,,,,[]
95115,10 Football: February 2022 Niav’s Red Blouse,,https://www.shopyourtv.com/10-football-february-2022-nias-red-blouse/,Red Blouse,['HUGO BOSS SILK-BLEND BLOUSE WITH GATHERED NECKLINE'],,,,,['10 Football AU'],,,['February 2022'],['Niav Owens'],,https://www.shopyourtv.com/wp-content/uploads/2022/02/the-porject-5-420x412.jpg?v=1643939118,Mainstream,,,,,https://shopstyle.it/l/bDG27,,Shopurtv,,,,,,,,,,,,,,,,,[]
44866,10 News First (AU): September 2019 Georgie’s Ruffle Coat,,https://www.shopyourtv.com/10-news-first-au-september-2019-georgies-ruffle-coat/,[],[],,,,,[],,,[],[],,https://www.shopyourtv.com/wp-content/uploads/2019/09/Aus-TV-Shows-420x344.jpg,Mainstream,,,,,,,Shopurtv,,,,,,,,,,,,,,,,,[]
48355,10 News First – Melbourne: March 2021 Kate’s Ribbed Dress,,https://www.shopyourtv.com/10-news-first-melbourne-march-2021-kates-ribbed-dress/,Ribbed Dress,['Bec + Bridge White Water Midi Dress'],,,,,['10 News First Melbourne'],,,['Wednesday 10th March 2021'],['Kate Freebairn'],,https://www.shopyourtv.com/wp-content/uploads/2021/03/Neighborhood-3-420x370.jpg?v=1615428311,Mainstream,,,,– $260.00,https://shopstyle.it/l/bsyLc,,Shopurtv,,,,,,,,,,,,,,,,,[]
93517,10 News First (AU): Queensland September 2019 Georgie’s Pink Dress,,https://www.shopyourtv.com/10-news-first-au-queensland-september-2019-georgies-pink-dress/,[],[],,,,,[],,,[],[],,https://www.shopyourtv.com/wp-content/uploads/2019/09/The-Masked-Singer-1x2-3-420x343.jpg,Mainstream,,,,[],,,Shopurtv,,,,,,,,,,,,,,,,,[]
19216,10 News First: November 2021 Red Sweetheart Neck Dress,,https://www.shopyourtv.com/10-news-first-november-2021-red-sweatheart-neck-dress/,[],"[""REBECCA VALLANCE L'amour crêpe midi dress""]",,,,,['10 News First'],,,"['""November 2021""']",['Amanda Jason'],,https://www.shopyourtv.com/wp-content/uploads/2021/11/r-1-420x406.jpg?v=1638328447,Mainstream,,,,,https://rstyle.me/+MlbE7cYY4w2A2DmBEs8LpA,,Shopurtv,,,,,,,,,,,,,,,,,eBay
81877,10 News First: December 2021 Paris’ Belted White Dress,,https://www.shopyourtv.com/10-news-first-december-2021-paris-belted-white-dress/,Belted Dress,['Karen Millen Belted Tailored Dress'],,,,,['10 News First'],,,['December 2021'],['Paris Martin'],,https://www.shopyourtv.com/wp-content/uploads/2021/12/Letter-Kenny-6-420x394.jpg?v=1640660087,Mainstream,,,,,https://rstyle.me/+1gtMdv417K7X3MSLoyJfFA,,Shopurtv,,,,,,,,,,,,,,,,,[]
17022,10 News First: October 2020 Jen’s Striped Shirt,,https://www.shopyourtv.com/10-news-first-october-2020-jens-striped-shirt/,Blue Striped Blouse,['Diane Von Furstenberg Mariah Blouse'],,,,,['10 News First'],,,['Tuesday 6th October 2020'],['Jennifer Keyte'],,https://www.shopyourtv.com/wp-content/uploads/2020/10/emily-in-paris-36-420x377.jpg?v=1601950544,Mainstream,,,,– $178.00,https://shopstyle.it/l/bm4kY,,Shopurtv,,,,,,,,,,,,,,,,,[]
37696,10 News First – Melbourne: June 2021 Kate’s Navy Blazer,,https://www.shopyourtv.com/10-news-first-melbourne-june-2021-kates-navy-blazer/,Navy Blazer,['Kookai Delta Oversized Blazer'],,,,,['10 News First Melbourne'],,,['1st June 2021'],['Kate Freebairn'],,https://www.shopyourtv.com/wp-content/uploads/2021/06/good-doctor-61-420x379.jpg?v=1622685370,Mainstream,,,,– $220.00,https://www.kookai.com.au/products/delta-oversized-blazer-smoke-navy?variant=39275934777416,,Shopurtv,,,,,,,,,,,,,,,,,[]
23860,10 News First: April 2021 Kate’s Pink Knit Midi Dress,,https://www.shopyourtv.com/10-news-first-april-2021-kates-pink-knit-midi-dress/,[],['Bec and Bridge White Water Midi Dress'],,,,,['10 News First'],,,"['""April 2021""']",['Kate Freebairn'],,https://www.shopyourtv.com/wp-content/uploads/2021/04/pink-midi-420x400.jpg?v=1617768271,Mainstream,,,,,https://rstyle.me/+5BNDyLPT3GeVFCloGh5GPw,,Shopurtv,,,,,,,,,,,,,,,,,eBay
80438,10 News First (AU): October 2021 Charlotte’s Blue Top & Trousers,,https://www.shopyourtv.com/10-news-first-au-october-2021-charlottes-blue-top-trousers/,[],['Mossman THE DARE TO DREAM TOP'],,,,,['10 News First (AU)'],,,"['""October 2021""']",['Charlotte Goodlet'],,https://www.shopyourtv.com/wp-content/uploads/2021/10/blue-top-1-420x377.jpg?v=1634723262,Mainstream,,,,,https://www.mossman.com.au/products/the-dare-to-dream-top-blue?variant=40435131941062&currency=AUD&utm_medium=product_sync&utm_source=google&utm_content=sag_organic&utm_campaign=sag_organic&gclid=CjwKCAjw_L6LBhBbEiwA4c46ug_1l7ulj9dYRydEOj6_YzswJ0eSyhGvwjfZRn4nLZuH50sJXEp9vhoCy3MQAvD_BwE,,Shopurtv,,,,,,,,,,,,,,,,,eBay
75482,10 News First: December 2020 Kate’s Ribbed Short Sleeve Knit Dress,,https://www.shopyourtv.com/10-news-first-december-2020-kates-ribbed-short-sleeve-knit-dress/,Short Sleeve Ribbed Knit Midi Dress,['Bec + Bridge White Water Dress'],,,,,['10 News First'],,,['6th December 2020'],['Kate Freebairn'],,https://www.shopyourtv.com/wp-content/uploads/2020/12/Stuid-o-10-6-420x386.jpg?v=1607388422,Mainstream,,,,– $260.00,https://www.becandbridge.com.au/products/white-water-ss-midi-dress-sage,,Shopurtv,,,,,,,,,,,,,,,,,[]
17079,10 News First (AU): Melbourne September 2019 Jen’s Ruffle White Blouse,,https://www.shopyourtv.com/10-news-first-au-melbourne-september-2019-jens-ruffle-white-blouse/,[],[],,,,,[],,,[],[],,https://www.shopyourtv.com/wp-content/uploads/2019/09/Studio-10-1-420x348.jpg,Mainstream,,,,,,,Shopurtv,,,,,,,,,,,,,,,,,[]
93456,10 News First (AU): August 2019 Roz’s Wrap Striped Blouse,,https://www.shopyourtv.com/10-news-first-au-august-2019-rozs-wrap-striped-blouse/,[],[],,,,,[],,,[],[],,https://www.shopyourtv.com/wp-content/uploads/2019/08/theproject-3-420x313.jpg,Mainstream,,,,,,,Shopurtv,,,,,,,,,,,,,,,,,[]
70122,10 News First: March 2021 Natasha’s Brown Mock Neck Dress,,https://www.shopyourtv.com/10-news-first-march-2021-natashas-brown-mock-neck-dress/,Short Sleeve Brown Dress,['Karen Millen Military Tailored Dress'],,,,,['10 News First'],,,['10th March 2021'],['Natasha Exelby'],,https://www.shopyourtv.com/wp-content/uploads/2021/03/Neighborhood-3-1-420x356.jpg?v=1615428726,Mainstream,,,,– $208.50,https://rstyle.me/+tu5HSshzZ4Y_wi_sMRmQfQ,,Shopurtv,,,,,,,,,,,,,,,,,[]
32618,10 News First (AU): March 2022 Jelisa’s White Blazer,,https://www.shopyourtv.com/10-news-first-au-march-2022-jelisas-white-blazer/,[],['Zara DOUBLE-BREASTED BUTTONED BLAZER'],,,,,['10 News First (AU)'],,,"['""March 2022""']",['Jelisa Apps'],,https://www.shopyourtv.com/wp-content/uploads/2022/03/feef-5-420x366.jpg?v=1647242260,Mainstream,,,,,https://www.zara.com/au/en/double-breasted-buttoned-blazer-p04785363.html,,Shopurtv,,,,,,,,,,,,,,,,,eBay
14315,10 News AU: Sports Tonight August 2019 Roz’s Pink Blazer,,https://www.shopyourtv.com/10-news-au-sports-tonight-august-2019-rozs-pink-blazer/,[],[],,,,,[],,,[],[],,https://www.shopyourtv.com/wp-content/uploads/2019/08/The-Project-August-2019-1-420x360.jpg,Mainstream,,,,,,,Shopurtv,,,,,,,,,,,,,,,,,[]
47702,10 News First: January 2022 Charlotte’s Wrap Dress,,https://www.shopyourtv.com/10-news-first-january-2022-charlottes-wrap-dress/,Wrap Dress,['DION LEE Piqué wrap dress'],,,,,['10 News First'],,,['January 2022'],['Charlotte Goodlet'],,https://www.shopyourtv.com/wp-content/uploads/2022/01/911-25-420x369.jpg?v=1643078216,Mainstream,,,,,https://shopstyle.it/l/bDjz3,,Shopurtv,,,,,,,,,,,,,,,,,[]
69171,Studio 10: May 2021 Annie’s Pink Wrap Coat,,https://www.shopyourtv.com/studio-10-may-2021-annies-pink-wrap-coat/,[],[],,,,,[],,,[],[],,,Mainstream,,,,[],,,Shopurtv,,,,,,,,,,,,,,,,,[]
14468,10 News First (AU): September 2019 Georgie’s Wrap Jacket,,https://www.shopyourtv.com/10-news-first-au-september-2019-georgies-wrap-jacket/,[],[],,,,,[],,,[],[],,https://www.shopyourtv.com/wp-content/uploads/2019/09/Aus-TV-Talk-Shows-2-420x344.jpg,Mainstream,,,,,,,Shopurtv,,,,,,,,,,,,,,,,,[]
42927,10 News First: July 2020 Roz’s Red Split Leg Dress,,https://www.shopyourtv.com/10-news-first-july-2020-rozs-red-split-leg-dress/,Red Split Dress,['Ginger & Smart Equinox Dress'],,,,,['10 News First'],,,['Monday 27th July 2020'],['Roz Kelly'],,https://www.shopyourtv.com/wp-content/uploads/2020/07/bachelor-in-paradise-14-420x386.jpg?v=1595905699,Mainstream,,,,– $649.00,https://shopstyle.it/l/bkJWy,,Shopurtv,,,,,,,,,,,,,,,,,[]
87910,Studio 10: June 2021 Narelda’s Wrap Dress,,https://www.shopyourtv.com/studio-10-june-2021-nareldas-wrap-dress/,[],[],,,,,[],,,[],[],,,Mainstream,,,,[],,,Shopurtv,,,,,,,,,,,,,,,,,[]
75303,10 News First: November 2020 Amanda’s Red Cut Out Shoulder Dress,,https://www.shopyourtv.com/10-news-first-november-2020-amandas-red-cut-out-shoulder-dress/,Red Cut Out Shoulder Dress,['Carla Zampatti The Red Lily Dress'],,,,,['10 News First'],,,"['""November 2020""']",['Amanda Jason'],,https://www.shopyourtv.com/wp-content/uploads/2020/11/10-new-420x416.jpg?v=1606194086,Mainstream,,,,,https://www.carlazampatti.com.au/products/the-red-lily-dress?variant=32856494932045,,Shopurtv,,,,,,,,,,,,,,,,,eBay
65684,10 News First (AU): Melbourne September 2019 Jennifer’s Pink Blazer,,https://www.shopyourtv.com/10-news-first-au-melbourne-september-2019-jennifers-pink-blazer/,[],[],,,,,[],,,[],[],,https://www.shopyourtv.com/wp-content/uploads/2019/09/aus-tv-show-2-420x344.jpg,Mainstream,,,,,,,Shopurtv,,,,,,,,,,,,,,,,,[]
61781,10 News First: May 2021 Tash’s Short Sleeve Dress,,https://www.shopyourtv.com/10-news-first-may-2021-tashs-short-sleeve-dress/,Yellow Short Sleeve Dress,['Elliatt Pia Dress'],,,,,['10 News First'],,,['12th May 2021'],['Natasha Excelby'],,https://www.shopyourtv.com/wp-content/uploads/2021/05/queen-of-theouth-1-7-420x359.jpg?v=1620869447,Mainstream,,,,– $279.00,https://www.myer.com.au/p/elliatt-pia-dress,,Shopurtv,,,,,,,,,,,,,,,,,[]
52149,10 News First – Melbourne: June 2021 Kate’s Navy Trousers,,https://www.shopyourtv.com/10-news-first-melbourne-june-2021-kates-navy-trousers/,Navy Pants,['Kookai Cole Pants'],,,,,['10 News First - Melbourne'],,,['1st June 2021'],['Kate Freebarin'],,https://www.shopyourtv.com/wp-content/uploads/2021/06/good-doctor-62-420x365.jpg?v=1622685468,Mainstream,,,,– $160.00,https://www.kookai.com.au/products/cole-pants-smoke-navy?variant=39275935334472,,Shopurtv,,,,,,,,,,,,,,,,,[]
80686,10 News First (AU): September 2019 Georgie’s Taupe Dress,,https://www.shopyourtv.com/10-news-first-au-september-2019-georgies-taupe-dress/,[],[],,,,,[],,,[],[],,https://www.shopyourtv.com/wp-content/uploads/2019/09/Aus-TV-Talk-Shows-10-420x339.jpg,Mainstream,,,,[],,,Shopurtv,,,,,,,,,,,,,,,,,[]
69636,10 News First: December 2021 Charlotte’s Biege Yellow & Pink Striped Knit Sweater,,https://www.shopyourtv.com/10-news-first-december-2021-charlottes-biege-yellow-pink-striped-knit-sweater/,[],['Rachel Gilbert Knit Top & Skirt'],,,,,['10 News First'],,,"['""December 2021""']",['Charlotte Goodlet'],,https://www.shopyourtv.com/wp-content/uploads/2021/12/beige-1-1-420x382.jpg?v=1639982651,Mainstream,,,,,https://www.rachelgilbert.us/products/jaden-dress-tan-stripe,,Shopurtv,,,,,,,,,,,,,,,,,eBay
26575,10 News First: October 2020 Roz’ Blue Blouse,,https://www.shopyourtv.com/10-news-first-october-2020-roz-blue-blouse/,Blue Cinched Shoulder Top,['Manning Cartell surround sound top'],,,,,['10 News First'],,,['October 2020'],['Roz Kelly'],,https://www.shopyourtv.com/wp-content/uploads/2020/10/kuwtk-21-420x346.jpg?v=1603675553,Mainstream,,,,– Sold Out,https://www.manningcartell.com.au/,,Shopurtv,,,,,,,,,,,,,,,,,[]
18546,10 News First: September 2020 Roz’s Short Sleeve Dress,,https://www.shopyourtv.com/10-news-first-september-2020-rozs-short-sleeve-dress/,Green Puffed Sleeve Gathered Dress,['Ginger & Smart Vortex Dress'],,,,,['10 News First'],,,['Saturday 26th September 2020'],['Roz Kelly'],,https://www.shopyourtv.com/wp-content/uploads/2020/09/Studio-10-AU-21-420x373.jpg?v=1601257828,Mainstream,,,,– $699.00,https://shopstyle.it/l/bmP8B,,Shopurtv,,,,,,,,,,,,,,,,,[]
71934,10 News First (AU): September 2019 Georgie’s Black Lace Camisole,,https://www.shopyourtv.com/10-news-first-au-september-2019-georgies-black-lace-camisole/,[],[],,,,,[],,,[],[],,https://www.shopyourtv.com/wp-content/uploads/2019/09/Aus-TV-Talk-Shows-3-420x347.jpg,Mainstream,,,,,,,Shopurtv,,,,,,,,,,,,,,,,,[]
49667,10 News First: February 2022 Charlotte’s Yellow Wrap Dress,,https://www.shopyourtv.com/10-news-first-february-2022-charlottes-yellow-wrap-dress/,[],['Dion Lee Whitewash Link Wrap Dress Lemon'],,,,,['10 News First'],,,"['""February 2022""']",['Charlotte Goodlet'],,https://www.shopyourtv.com/wp-content/uploads/2022/02/yellowww-420x399.jpg?v=1645066398,Mainstream,,,,,https://ekoluv.com/products/dion-lee-whitewash-link-wrap-dress-lemon-for-hire?variant=41732968349870,,Shopurtv,,,,,,,,,,,,,,,,,eBay
47445,10 News First: November 2021 Jennifer’s Gold Blazer,,https://www.shopyourtv.com/10-news-first-november-2021-jennifers-gold-blazer/,[],['Scanlon Theodore TAILORED PATCH POCKET JACKET BRUSH'],,,,,['10 News First'],,,"['""November 2021""']",['Jennifer Keyte'],,https://www.shopyourtv.com/wp-content/uploads/2021/11/gold-blazer-420x350.jpg?v=1638328583,Mainstream,,,,,https://www.scanlantheodore.com/products/tailored-patch-pocket-jacket-brush,,Shopurtv,,,,,,,,,,,,,,,,,eBay
74628,10 News First: October 2020 Sandra’s Blue Short Sleeve Dress,,https://www.shopyourtv.com/10-news-first-october-2020-sandras-blue-short-sleeve-dress/,Tie Waist Dress,['Cue Crepe Tie Waist Midi Dress'],,,,,['10 News First'],,,['Thursday 1st October 2020'],['Sandra Sully'],,https://www.shopyourtv.com/wp-content/uploads/2020/10/sneakershead-4-420x356.jpg?v=1601555269,Mainstream,,,,– $295.00,https://shopstyle.it/l/bmWeB,,Shopurtv,,,,,,,,,,,,,,,,,[]
92769,10 News First: February 2022 Tara’s Pale Yellow Blazer,,https://www.shopyourtv.com/10-news-first-february-2022-taras-pale-yellow-blazer/,[],['Scanlon Theodore Tailored Jacket in Crema'],,,,,['10 News First'],,,"['""February 2022""']",['Tara Rushton'],,https://www.shopyourtv.com/wp-content/uploads/2022/02/yellow-5-420x349.jpg?v=1645067123,Mainstream,,,,,https://www.scanlantheodore.com/products/tailored-jacket-crema,,Shopurtv,,,,,,,,,,,,,,,,,eBay
18878,10 News First: April 2021 Jennifer’s Navy Contrast Trim Blouse,,https://www.shopyourtv.com/10-news-first-april-2021-jennifers-navy-contrast-trim-blouse/,[],['Tory Burch Navy Contrast Binding Shirt'],,,,,['10 News First'],,,"['""April 2021""']",['Jennifer Keyte'],,https://www.shopyourtv.com/wp-content/uploads/2021/04/navy-1-420x339.jpg?v=1617947873,Mainstream,,,,,https://www.renttherunway.com/shop/designers/tory_burch/navy_contrast_binding_shirt,,Shopurtv,,,,,,,,,,,,,,,,,eBay
45590,10 News First: July 2019 Jennifer’s Yellow Silk Blouse,,https://www.shopyourtv.com/10-news-first-july-2019-jennifers-yellow-silk-blouse/,[],[],,,,,[],,,[],[],,https://www.shopyourtv.com/wp-content/uploads/2019/07/yellow-silk-blouse-420x350.jpg,Mainstream,,,,,,,Shopurtv,,,,,,,,,,,,,,,,,[]
79420,10 News First: December 2020 Charlotte’s Navy Jumpsuit,,https://www.shopyourtv.com/10-news-first-december-2020-charlottes-navy-jumpsuit/,Navy Wrap Blazer Jumpsuit,['Carla Zampatti The Desire Tuxedo Jumpsuit'],,,,,['10 News First'],,,['22nd December 2020'],['Charlotte Goodlet'],,https://www.shopyourtv.com/wp-content/uploads/2020/12/Burgundy-Leather-Jacket-11-420x386.jpg?v=1608770810,Mainstream,,,,– $629.00,https://www.carlazampatti.com.au/products/the-desire-tuxedo-jumpsuit,,Shopurtv,,,,,,,,,,,,,,,,,[]
77949,10 News First: November 2020 Narelda’s Green Blazer,,https://www.shopyourtv.com/10-news-first-november-2020-nareldas-green-blazer/,Green Blazer,['Zara Basic Blazer'],,,,,['10 News First'],,,"['""November 2020""']",['Narelda Jacobs'],,https://www.shopyourtv.com/wp-content/uploads/2020/11/green-3-420x341.jpg?v=1606193726,Mainstream,,,,,https://www.zara.com/au/en/basic-blazer-p02753653.html,,Shopurtv,,,,,,,,,,,,,,,,,eBay
35093,10 News First: October 2020 Jen’s Checked Silk Dress,,https://www.shopyourtv.com/10-news-first-october-2020-jens-checked-silk-dress/,Checked Dress,['Equipment Classic Silk Shirt Dress'],,,,,['10 News First'],,,['Wednesday 7th October 2020'],['Jennifer Keyte'],,https://www.shopyourtv.com/wp-content/uploads/2020/10/sneakerheads-season-1-37-420x357.jpg?v=1602119662,Mainstream,,,,– Sold Out,https://rstyle.me/+0QMm_fpH0bAHP0R9QOhexA,,Shopurtv,,,,,,,,,,,,,,,,,[]
10109,10 News First: September 2020 Roz’s Brown Suit,,https://www.shopyourtv.com/10-news-first-september-2020-rozs-brown-suit/,[],['Acler Elba double breasted blazer & Acler Veletta flared trousers'],,,,,['10 News First'],,,['Monday 28th September 2020'],['Roz Kelly'],,https://www.shopyourtv.com/wp-content/uploads/2020/09/Studio-10-AU-24-420x378.jpg?v=1601258387,Mainstream,,,,,https://shopstyle.it/l/bmP8Y,,Shopurtv,,,,,,,,,,,,,,,,,[]
55398,10 News First (AU): Melbourne September 2019 Jen’s Black Blazer,,https://www.shopyourtv.com/10-news-first-au-melbourne-september-2019-jens-black-blazer/,[],[],,,,,[],,,[],[],,https://www.shopyourtv.com/wp-content/uploads/2019/09/Studio-10-2-420x344.jpg,Mainstream,,,,,,,Shopurtv,,,,,,,,,,,,,,,,,[]
25506,10 News First: October 2020 Amanda’s Green Pencil Skirt,,https://www.shopyourtv.com/10-news-first-october-2020-amandas-green-pencil-skirt/,Green Skirt,['Witchery Textured Pencil Skirt'],,,,,['10 News First'],,,['Mopnday 5th October 2020'],['Amanda Jason'],,https://www.shopyourtv.com/wp-content/uploads/2020/10/emily-in-paris-37-420x390.jpg?v=1601950727,Mainstream,,,,– $129.95,https://shopstyle.it/l/bm4jX,,Shopurtv,,,,,,,,,,,,,,,,,[]
79349,12 Monkeys: Season 1 Episode 1 James’ Wool Pea Coat,,https://www.shopyourtv.com/12-monkeys-season-1-episode-1-james-coles-wool-pea-coat/,[],[],,,,,[],,,[],[],,https://www.shopyourtv.com/wp-content/uploads/2015/01/Screen-Shot-2015-01-25-at-1.21.16-PM.png,Mainstream,,,,[],,,Shopurtv,,,,,,,,,,,,,,,,,[]
18661,12 Monkeys: Season 1 Episode 1 Cassandra’s Silk V-Neck Blouse,,https://www.shopyourtv.com/12-monkeys-season-1-episode-1-cassandra-raillys-silk-v-neck-blouse/,[],[],,,,,[],,,[],[],,https://www.shopyourtv.com/wp-content/uploads/2015/01/Screen-Shot-2015-01-26-at-7.40.14-PM.png,Mainstream,,,,[],,,Shopurtv,,,,,,,,,,,,,,,,,[]
75006,12 Monkeys: Season 1 Episode 1 Cassandra’s Contrast Panel Shirt,,https://www.shopyourtv.com/12-monkeys-season-1-episode-1-cassandra-raillys-contrast-panel-shirt/,[],[],,,,,[],,,[],[],,https://www.shopyourtv.com/wp-content/uploads/2015/01/Screen-Shot-2015-01-25-at-11.16.24-AM.png,Mainstream,,,,,,,Shopurtv,,,,,,,,,,,,,,,,,[]
51416,13 Reasons Why: Season 4 Episode 1 Jessica’s Grey Jacket,,https://www.shopyourtv.com/13-reasons-why-season-4-episode-1-jessicas-grey-jacket/,Grey Jacket,['IRO Ashville Leather Jacket'],,,,,['13 Reasons Why'],,,"['4x01 - ""Winter Break""']",['Alisha Boe'],,https://www.shopyourtv.com/wp-content/uploads/2020/06/kRibbed-Stripe-Sweater-1-420x354.jpg?v=1591341330,Mainstream,,,,– $497.00,https://api.shopstyle.com/action/apiVisitRetailer?id=815614555&pid=uid2416-8012804-55,,Shopurtv,,,,,,,,,,,,,,,,,[]
88103,13 Reasons Why: Season 2 Episode 1 Skye’s Grey Ringer Tee,,https://www.shopyourtv.com/13-reasons-why-season-2-episode-1-skyes-grey-ringer-tee/,[],[],,,,,[],,,[],[],,https://www.shopyourtv.com/wp-content/uploads/2018/05/13-reasons-why-2x01-1-420x331.png,Mainstream,,,,,,,Shopurtv,,,,,,,,,,,,,,,,,[]
31817,13 Reasons Why: Season 3 Episode 10 Ani’s Embroidered Henley,,https://www.shopyourtv.com/13-reasons-why-season-3-episode-10-anis-embroidered-henley/,[],[],,,,,[],,,[],[],,https://www.shopyourtv.com/wp-content/uploads/2019/08/13rw-13x07-30-420x353.jpg,Mainstream,,,,,,,Shopurtv,,,,,,,,,,,,,,,,,[]
71103,13 Reasons Why: Season 1 Episode 11 Lainie’s Floral Printed Blouse,,https://www.shopyourtv.com/13-reasons-season-1-episode-11-lainies-floral-printed-blouse/,[],[],,,,,[],,,[],[],,https://www.shopyourtv.com/wp-content/uploads/2017/05/asdas-420x328.jpg,Mainstream,,,,,,,Shopurtv,,,,,,,,,,,,,,,,,[]
26247,13 Reasons Why: Season 1 Episode 9 Hannah’s Floral Printed Top,,https://www.shopyourtv.com/13-reasons-season-1-episode-9-hannahs-floral-printed-top/,[],[],,,,,[],,,[''],[],,https://www.shopyourtv.com/wp-content/uploads/2017/04/13-Reasons-Why-1x09-Hanna-Border-Print-Top-420x350.png,Mainstream,,,,,,,Shopurtv,,,,,,,,,,,,,,,,,[]
20478,13 Reasons Why: Season 3 Episode 12 Jessica’s Purple T Shirt,,https://www.shopyourtv.com/13-reasons-why-season-3-episode-12-jessicas-purple-t-shirt/,[],[],,,,,[],,,[],[],,https://www.shopyourtv.com/wp-content/uploads/2019/08/jescci-420x358.jpg,Mainstream,,,,,,,Shopurtv,,,,,,,,,,,,,,,,,[]
24433,13 Reasons Why: Season 4 Episode 10 Jessica’s Beige Linen Blazer,,https://www.shopyourtv.com/13-reasons-why-season-4-episode-10-jessicas-beige-linen-blazer/,Beige Linen Blazer,['Tahari ASL Petite Linen Ruched-Sleeve Jacket'],,,,,['13 Reasons Why'],,,"['4x10 - ""Graduation""']",['Alisha Boe'],,https://www.shopyourtv.com/wp-content/uploads/2020/06/beige-blazer-1-420x396.jpg?v=1591367085,Mainstream,,,,,https://www.macys.com/shop/product/tahari-asl-petite-linen-ruched-sleeve-jacket?ID=9019743,,Shopurtv,,,,,,,,,,,,,,,,,[]
39771,13 Reasons Why: Season 4 Episode 8 Jessica’s Black Denim Jeans,,https://www.shopyourtv.com/13-reasons-why-season-4-episode-8-jessicas-black-denim-jeans/,Black Skinny Jeans,['Frame Ali Jeans'],,,,,['13 Reasons Why'],,,"['4x08 - ""Acceptance/Rejection""']",['Alisha Boe'],,https://www.shopyourtv.com/wp-content/uploads/2020/06/skinny-420x348.jpg?v=1591370208,Mainstream,,,,– $225.00,https://shopstyle.it/l/birYp,,Shopurtv,,,,,,,,,,,,,,,,,[]
87885,13 Reasons Why: Season 2 Episode 2 Clay’s Half Zip Hoodie,,https://www.shopyourtv.com/13-reasons-why-season-2-episode-2-clays-half-zip-hoodie/,[],[],,,,,[],,,[],[],,https://www.shopyourtv.com/wp-content/uploads/2018/05/13-reasons-why-2x01-16-420x346.png,Mainstream,,,,,,,Shopurtv,,,,,,,,,,,,,,,,,[]
11020,13 Reasons Why: Season 1 Episode 2 Jessica’s Ringer Tee,,https://www.shopyourtv.com/13-reasons-season-1-episode-2-jessicas-ringer-tee/,[],[],,,,,[],,,[],[],,https://www.shopyourtv.com/wp-content/uploads/2017/04/1x02-Jessica.png,Mainstream,,,,,,,Shopurtv,,,,,,,,,,,,,,,,,[]
90614,13 Reasons Why: Season 3 Episode 10 Jessica’s Bomber Jacket,,https://www.shopyourtv.com/13-reasons-why-season-3-episode-10-jessicas-bomber-jacket/,[],[],,,,,[],,,[],[],,https://www.shopyourtv.com/wp-content/uploads/2019/08/13rw-13x07-24-420x315.jpg,Mainstream,,,,,,,Shopurtv,,,,,,,,,,,,,,,,,[]
75960,13 Reasons Why: Season 3 Episode 3 Nora’s Black Keyhole Dress,,https://www.shopyourtv.com/13-reasons-why-season-3-episode-3-noras-black-keyhole-dress/,[],[],,,,,[],,,[],[],,https://www.shopyourtv.com/wp-content/uploads/2019/08/keyhole-420x376.jpg,Mainstream,,,,,,,Shopurtv,,,,,,,,,,,,,,,,,[]
28730,13 Reasons Why: Season 4 Episode 4 Clay’s Black Leather Jacket,,https://www.shopyourtv.com/13-reasons-why-season-4-episode-4-clays-black-leather-jacket/,Black Leather Jacket,['John Varvatos Star USA Band Collar Black Leather Jacket'],,,,,['13 Reasons Why'],,,"['4x04 - ""Senior Camping Trip""']",['Dylan Minnette'],,https://www.shopyourtv.com/wp-content/uploads/2020/06/clayfe-2-420x318.jpg?v=1591361965,Mainstream,,,,,https://rstyle.me/+2p91dSX0NNtmmWv1EZNHgg,,Shopurtv,,,,,,,,,,,,,,,,,[]
48048,13 Reasons Why: Season 2 Episode 11 Nora’s Black Twist Neck Dress,,https://www.shopyourtv.com/13-reasons-why-season-2-episode-11-noras-black-twist-neck-dress/,[],[],,,,,[],,,[],[],,https://www.shopyourtv.com/wp-content/uploads/2018/05/13rw-44-420x356.png,Mainstream,,,,,,,Shopurtv,,,,,,,,,,,,,,,,,[]
30361,13 Reasons Why: Season 1 Episode 7 Red Scarf Print Tee,,https://www.shopyourtv.com/13-reasons-season-1-episode-7-red-scarf-print-tee/,[],[],,,,,[],,,[],[],,https://www.shopyourtv.com/wp-content/uploads/2017/05/13rw.png,Mainstream,,,,,,,Shopurtv,,,,,,,,,,,,,,,,,[]
89171,13 Reasons Why: Season 1 Episode 7 Jessica’s Floral Bomber Jacket,,https://www.shopyourtv.com/13-reasons-season-1-episode-7-jessicas-floral-bomber-jacket/,[],[],,,,,[],,,[],[],,https://www.shopyourtv.com/wp-content/uploads/2017/04/1x07-13-Reasons-Jessica-Floral-Bomber.png,Mainstream,,,,[],,,Shopurtv,,,,,,,,,,,,,,,,,[]
11226,13 Reasons Why: Season 4 Episode 7 Ani’s Red Cropped Denim Jacket,,https://www.shopyourtv.com/13-reasons-why-season-4-episode-7-anis-red-cropped-denim-jacket/,Red Cropped Denim Jacket,['PAIGE Vivienne Raw Hem Denim Jacket'],,,,,['13 Reasons Why'],,,"['4x07 - ""College Interview""']",['Grace Saif'],,https://www.shopyourtv.com/wp-content/uploads/2020/06/ani-red-cropped-420x364.jpg?v=1591499324,Mainstream,,,,,https://rstyle.me/+EJWmCK8R_nw_fJllk19_cg,,Shopurtv,,,,,,,,,,,,,,,,,[]
41525,13 Reasons Why: Season 4 Episode 10 Jessica’s Grey Tank Top,,https://www.shopyourtv.com/13-reasons-why-season-4-episode-10-jessicas-grey-tank-top/,Grey Tank,['Madewell Whisper Cotton Scoop Tank Top MEDIA'],,,,,['13 Reasons Why'],,,"['4x10 - ""Graduation""']",['Alisha Boe'],,https://www.shopyourtv.com/wp-content/uploads/2020/06/jess-420x375.jpg?v=1591367988,Mainstream,,,,,https://www.madewell.com/whisper-cotton-scoop-tank-top-G2274.html,,Shopurtv,,,,,,,,,,,,,,,,,[]
76680,13 Reasons Why: Season 4 Episode 1 Tony’s Backpack,,https://www.shopyourtv.com/13-reasons-why-season-4-episode-1-tonys-backpack/,Black Zip Backpack,['Herschel Supply Co Pop Quiz Backpack'],,,,,['13 Reasons Why'],,,"['4x01 - ""Winter Break""']",['Christian Navarro'],,https://www.shopyourtv.com/wp-content/uploads/2020/06/Black-Backpack-420x318.jpg?v=1591500480,Mainstream,,,,– $55.99,https://shopstyle.it/l/birXk,,Shopurtv,,,,,,,,,,,,,,,,,[]
74125,13 REASONS WHY : Season 4 Episode 9 Justin’s white tuxedo blazer,,https://www.shopyourtv.com/13-reasons-why-season-4-episode-9-justins-white-tuxedo-blazer/,[],['ASOS DESIGN /skinny tuxedo blazer in white with black lapels'],,,,,['13 Reasons why'],,,"['4x09 ""Prom""']",['Brandon Flynn'],,https://www.shopyourtv.com/wp-content/uploads/2020/06/justin_tux2.jpg?v=1592736910,Mainstream,,,,,https://shopstyle.it/l/bi7Ct,,Shopurtv,,,,,,,,,,,,,,,,,[]
26006,13 Reasons Why: Season 2 Episode 4 Marcus’ Large Grey Backpack,,https://www.shopyourtv.com/13-reasons-why-season-2-episode-4-marcus-large-grey-backpack/,[],[],,,,,[],,,[],[],,https://www.shopyourtv.com/wp-content/uploads/2018/05/13rw2x-1-420x346.png,Mainstream,,,,,,,Shopurtv,,,,,,,,,,,,,,,,,[]
47622,13 Reasons Why: Season 1 Episode 1 Courtney’s Trim Blazer,,https://www.shopyourtv.com/13-reasons-season-1-episode-1-courtneys-trim-blazer/,[],[],,,,,[],,,[],[],,https://www.shopyourtv.com/wp-content/uploads/2017/04/1x01-Courtney-Crimson.png,Mainstream,,,,,,,Shopurtv,,,,,,,,,,,,,,,,,[]
50595,13 Reasons Why: Season 1 Episode 2 Hannah’s Floral Dress,,https://www.shopyourtv.com/13-reasons-season-1-episode-2-hannahs-floral-dress/,[],[],,,,,[],,,[],[],,https://www.shopyourtv.com/wp-content/uploads/2017/04/13-Reasons-Why-1x02-2.png,Mainstream,,,,,,,Shopurtv,,,,,,,,,,,,,,,,,[]
57627,13 Reasons Why: Season 3 Episode 3 Ani’s Printed Strapless Dress,,https://www.shopyourtv.com/13-reasons-why-season-3-episode-3-anis-printed-strapless-dress/,[],[],,,,,[],,,[],[],,https://www.shopyourtv.com/wp-content/uploads/2019/08/asdda-420x401.jpg,Mainstream,,,,,,,Shopurtv,,,,,,,,,,,,,,,,,[]
56856,13 Reasons Why: Season 3 Episode 11 Jessica’s Marled Sweater,,https://www.shopyourtv.com/13-reasons-why-season-3-episode-11-jessicas-marled-sweater/,[],[],,,,,[],,,[],[],,https://www.shopyourtv.com/wp-content/uploads/2019/08/13rw-13x07-35-420x316.jpg,Mainstream,,,,,,,Shopurtv,,,,,,,,,,,,,,,,,[]
97985,13 Reasons Why: Season 3 Episode 9 Jessica’s Rainbow Stripe Tee,,https://www.shopyourtv.com/13-reasons-why-season-3-episode-9-jessicas-rainbow-stripe-tee/,[],[],,,,,[],,,[],[],,https://www.shopyourtv.com/wp-content/uploads/2019/08/13rw-13x07-16-420x330.jpg,Mainstream,,,,[],,,Shopurtv,,,,,,,,,,,,,,,,,[]
11687,13 Reasons Why: Season 4 Episode 4 Jessica’s Purple V Neck T Shirt,,https://www.shopyourtv.com/13-reasons-why-season-4-episode-4-jessicas-purple-v-neck-t-shirt/,Purple V Neck Tee with Pocket,['Madewell Whisper Cotton V-neck Tee in Purple'],,,,,['13 Reasons Why'],,,"['4x04 - ""Senior Camping Trip""']",['Alisha Boe'],,https://www.shopyourtv.com/wp-content/uploads/2020/06/purple-v-n-1-420x326.jpg?v=1591361271,Mainstream,,,,,https://rstyle.me/+YGc2Ew2jnv2Z7Y7vIZorig,,Shopurtv,,,,,,,,,,,,,,,,,[]
82611,13 Reasons Why: Season 2 Episode 1 Hannah’s White Printed Dress,,https://www.shopyourtv.com/13-reasons-why-season-2-episode-1-hannahs-white-printed-dress/,[],[],,,,,[],,,[],[],,https://www.shopyourtv.com/wp-content/uploads/2018/05/13rw-56-420x342.png,Mainstream,,,,,,,Shopurtv,,,,,,,,,,,,,,,,,[]
81502,13 Reasons Why: Season 1 Episode 5 Olivia’s Pink Printed Blouse,,https://www.shopyourtv.com/13-reasons-season-1-episode-5-olivias-pink-printed-blouse/,[],[],,,,,[],,,[],[],,https://www.shopyourtv.com/wp-content/uploads/2017/04/13-rw-1x05-Oliovais-Floral-Blosue.png,Mainstream,,,,,,,Shopurtv,,,,,,,,,,,,,,,,,[]
64469,13 Reasons Why: Season 1 Episode 5 Courtney’s Purple Embellished Dress,,https://www.shopyourtv.com/13-reasons-season-1-episode-5-courtneys-purple-embellished-dress/,[],[],,,,,[],,,[],[],,https://www.shopyourtv.com/wp-content/uploads/2017/04/1x05-13-Reasons-Why-Courtney-Crimson.png,Mainstream,,,,,,,Shopurtv,,,,,,,,,,,,,,,,,[]
89233,13 Reasons Why: Season 4 Episode 1 Ani’s Printed Blouse,,https://www.shopyourtv.com/13-reasons-why-season-4-episode-1-anis-printed-blouse/,Floral Black Blouse,['Vince Woodblock Blouse'],,,,,['13 Reasons Why'],,,"['4x01 - ""Winter Break""']",['Grace Saif'],,https://www.shopyourtv.com/wp-content/uploads/2020/06/Harness-Coat-1-420x335.jpg?v=1591498059,Mainstream,,,,– Sold Out,https://shopstyle.it/l/bivFA,,Shopurtv,,,,,,,,,,,,,,,,,[]
42140,13 Reasons Why: Season 4 Episode 5 Jessica’s Printed Dress,,https://www.shopyourtv.com/13-reasons-why-season-4-episode-5-jessicas-printed-dress/,Paisley Printed Dress,['AllSaints Leila Dress'],,,,,['13 Reasons Why'],,,"['4x05 - ""House Party""']",['Alisha Bow'],,https://www.shopyourtv.com/wp-content/uploads/2020/06/Shop-Your-TV-Example-The-Project-420x354.jpg?v=1591748498,Mainstream,,,,– $116.00,https://api.shopstyle.com/action/apiVisitRetailer?id=799505488&pid=uid2416-8012804-55,,Shopurtv,,,,,,,,,,,,,,,,,[]
43001,13 Reasons Why: Season 2 Episode 6 Justin’s Navy Blue Polo Shirt,,https://www.shopyourtv.com/13-reasons-why-season-2-episode-6-justins-navy-blue-polo-shirt/,[],[],,,,,[],,,[],[],,https://www.shopyourtv.com/wp-content/uploads/2018/05/13rw2x-17-420x340.png,Mainstream,,,,[],,,Shopurtv,,,,,,,,,,,,,,,,,[]
65590,13 Reasons Why: Season 1 Episode 4 Tony’s Grey Shirt,,https://www.shopyourtv.com/13-reasons-season-1-episode-4-tonys-grey-shirt/,[],[],,,,,[],,,[],[],,https://www.shopyourtv.com/wp-content/uploads/2017/04/1x04-13-Reasons-Why-Tony-Grey-Shirt.png,Mainstream,,,,,,,Shopurtv,,,,,,,,,,,,,,,,,[]
23259,13 Reasons Why: Season 2 Episode 8 Nora’s Lace Neck Dress,,https://www.shopyourtv.com/13-reasons-why-season-2-episode-8-noras-lace-neck-dress/,[],[],,,,,[],,,[],[],,https://www.shopyourtv.com/wp-content/uploads/2018/05/13rw-9-420x354.png,Mainstream,,,,,,,Shopurtv,,,,,,,,,,,,,,,,,[]
38372,13 Reasons Why: Season 2 Episode 5 Justin’s White Ringer Tee,,https://www.shopyourtv.com/13-reasons-why-season-2-episode-5-justins-white-ringer-tee/,[],[],,,,,[],,,[],[],,https://www.shopyourtv.com/wp-content/uploads/2018/05/13rw2x-7-420x336.png,Mainstream,,,,[],,,Shopurtv,,,,,,,,,,,,,,,,,[]
86388,13 Reasons Why: Season 2 Episode 1 Clay’s Leather Sneakers,,https://www.shopyourtv.com/13-reasons-why-season-2-episode-1-clays-leather-sneakers/,[],[],,,,,[],,,[],[],,https://www.shopyourtv.com/wp-content/uploads/2018/05/13-reasons-why-2x01-11-420x347.png,Mainstream,,,,,,,Shopurtv,,,,,,,,,,,,,,,,,[]
40364,13 Reasons Why: Season 1 Episode 2 Tony’s Quilted Leather Jacket,,https://www.shopyourtv.com/13-reasons-season-1-episode-2-tonys-quilted-leather-jacket/,[],[],,,,,[],,,[],[],,https://www.shopyourtv.com/wp-content/uploads/2017/04/1x02-Tony-Quilt-Shoulder-Jacket.png,Mainstream,,,,,,,Shopurtv,,,,,,,,,,,,,,,,,[]
29123,13 Reasons Why: Season 1 Episode 1 Hannah’s Denim Jacket,,https://www.shopyourtv.com/13-reasons-season-1-episode-1-hannahs-denim-jacket/,[],[],,,,,[],,,[],[],,https://www.shopyourtv.com/wp-content/uploads/2017/04/13-reasons-why-Hanna-Denim-Jacket.png,Mainstream,,,,,,,Shopurtv,,,,,,,,,,,,,,,,,[]
32778,13 Reasons Why: Season 1 Episode 1 Hannah’s Khaki Jacket,,https://www.shopyourtv.com/13-reasons-season-1-episode-1-hannas-khaki-jacket/,[],[],,,,,[],,,[],[],,https://www.shopyourtv.com/wp-content/uploads/2017/04/13-reasons-why-Hanna-Anorak.png,Mainstream,,,,,,,Shopurtv,,,,,,,,,,,,,,,,,[]
33723,13 Reasons Why: Season 2 Episode 7 Clay’s Grey Ringer Tee,,https://www.shopyourtv.com/13-reasons-why-season-2-episode-7-clays-grey-ringer-tee/,[],[],,,,,[],,,[],[],,https://www.shopyourtv.com/wp-content/uploads/2018/05/13rw-2-420x331.png,Mainstream,,,,[],,,Shopurtv,,,,,,,,,,,,,,,,,[]
82606,13 Reasons Why: Season 2 Episode 9 Tony’s Quilted Leather Jacket,,https://www.shopyourtv.com/13-reasons-why-season-2-episode-9-tonys-quilted-leather-jacket/,[],[],,,,,[],,,[],[],,https://www.shopyourtv.com/wp-content/uploads/2018/05/13rw-28-420x344.png,Mainstream,,,,,,,Shopurtv,,,,,,,,,,,,,,,,,[]
37997,13 Reasons Why: Season 1 Episode 1 Hannah’s Floral Flare Dress,,https://www.shopyourtv.com/13-reasons-season-1-episode-1-hannahs-floral-flare-dress/,[],[],,,,,[],,,[],[],,https://www.shopyourtv.com/wp-content/uploads/2017/04/1x01-13-Reasons-Why-Hannah-Floral-Dress.png,Mainstream,,,,,,,Shopurtv,,,,,,,,,,,,,,,,,[]
54701,13 Reasons Why: Season 1 Episode 1 Hannah’s White Eyelet Top,,https://www.shopyourtv.com/13-reasons-season-1-episode-1-hannahs-white-eyelet-top/,[],[],,,,,[],,,[],[],,https://www.shopyourtv.com/wp-content/uploads/2017/04/13-rw-1x01-white-embroidered-top.png,Mainstream,,,,,,,Shopurtv,,,,,,,,,,,,,,,,,[]
68590,13 Reasons Why: Season 4 Episode 6 Clay’s Dark Wash Denim Jacket,,https://www.shopyourtv.com/13-reasons-why-season-4-episode-6-clays-dark-wash-denim-jacket/,Dark Wash Denim Jacket,['Paige Scout Denim Jacket'],,,,,['13 Reasons Why'],,,"['4x06 - ""Thursday""']",['Dylan Minnette'],,https://www.shopyourtv.com/wp-content/uploads/2020/06/ewf-420x330.jpg?v=1591362364,Mainstream,,,,,https://rstyle.me/+MrtYFVKE3KZtItmElLK_DA,,Shopurtv,,,,,,,,,,,,,,,,,[]
78554,13 Reasons Why: Season 1 Episode 12 Hannah’s Yellow Plaid Shirt,,https://www.shopyourtv.com/13-reasons-season-1-episode-12-hannahs-yellow-plaid-shirt/,[],[],,,,,[],,,[],[],,https://www.shopyourtv.com/wp-content/uploads/2017/04/1x12-13-Reasons-Why-Hannah-Plaid-Shirt.png,Mainstream,,,,,,,Shopurtv,,,,,,,,,,,,,,,,,[]
33503,13 Reasons Why: Season 1 Episode 2 Hannah’s Broken Social Scene Tee,,https://www.shopyourtv.com/13-reasons-season-1-episode-2-hannahs-broken-social-scene-tee/,[],[],,,,,[],,,[''],[],,https://www.shopyourtv.com/wp-content/uploads/2017/04/1x02-Hannah-Baker-Broken-Social-Scene.png,Mainstream,,,,,,,Shopurtv,,,,,,,,,,,,,,,,,[]
39892,13 Reasons Why: Season 2 Episode 3 Jess’ Embroidered Bomber Jacket,,https://www.shopyourtv.com/13-reasons-why-season-2-episode-3-jess-embroidered-bomber-jacket/,[],[],,,,,[],,,[],[],,https://www.shopyourtv.com/wp-content/uploads/2018/05/13-reasons-why-2x01-23-420x320.png,Mainstream,,,,,,,Shopurtv,,,,,,,,,,,,,,,,,[]
78151,13 Reasons Why: Season 2 Episode 8 Sheri’s Printed Scribble Top,,https://www.shopyourtv.com/13-reasons-why-season-2-episode-8-sheris-printed-scribble-top/,[],[],,,,,[],,,[],[],,https://www.shopyourtv.com/wp-content/uploads/2018/05/13rw-23-420x304.png,Mainstream,,,,,,,Shopurtv,,,,,,,,,,,,,,,,,[]
60309,13 Reasons Why: Season 1 Episode 10 Justin’s Tan/Navy Backpack,,https://www.shopyourtv.com/13-reasons-season-1-episode-10-justins-tannavy-backpack/,[],[],,,,,[],,,[],[],,https://www.shopyourtv.com/wp-content/uploads/2017/04/1x10-13-Reasons-Why-Navy-Backpack.png,Mainstream,,,,,,,Shopurtv,,,,,,,,,,,,,,,,,[]
15497,13 Reasons Why: Season 2 Episode 2 Courtney’s Floral Printed Sweater,,https://www.shopyourtv.com/13-reasons-why-season-2-episode-2-courtneys-floral-printed-sweater/,[],[],,,,,[],,,[],[],,https://www.shopyourtv.com/wp-content/uploads/2018/05/13-reasons-why-2x01-15-420x337.png,Mainstream,,,,,,,Shopurtv,,,,,,,,,,,,,,,,,[]
34686,13 Reasons Why: Season 1 Episode 3 Metallic Silver Boots,,https://www.shopyourtv.com/13-reasons-season-1-episode-3-metallic-silver-boots/,[],[],,,,,[],,,[],[],,https://www.shopyourtv.com/wp-content/uploads/2017/04/1x03-13-Reasons-Why-Metallic-Lace-up-Boots.png,Mainstream,,,,,,,Shopurtv,,,,,,,,,,,,,,,,,[]
86811,13 Reasons Why: Season 1 Episode 2 Jessica’s Anchor Print Tee,,https://www.shopyourtv.com/13-reasons-season-1-episode-2-jessicas-anchor-print-tee/,[],[],,,,,[],,,[],[],,https://www.shopyourtv.com/wp-content/uploads/2017/04/1x02-Alisha-Boe-Anchor-Tee.png,Mainstream,,,,,,,Shopurtv,,,,,,,,,,,,,,,,,[]
50242,13 Reasons Why: Season 2 Episode 8 Jessica’s Printed Bomber Jacket,,https://www.shopyourtv.com/13-reasons-why-season-2-episode-8-jessicas-printed-bomber-jacket/,[],[],,,,,[],,,[],[],,https://www.shopyourtv.com/wp-content/uploads/2018/05/13rw-6-420x342.png,Mainstream,,,,,,,Shopurtv,,,,,,,,,,,,,,,,,[]
35034,13 Reasons Why: Season 1 Episode 5 Tony’s Quilted Leather Jacket,,https://www.shopyourtv.com/13-reasons-season-1-episode-5-tonys-quilted-leather-jacket/,[],[],,,,,[],,,[],[],,https://www.shopyourtv.com/wp-content/uploads/2017/04/1x05-13-Reasons-Why-Tony-Leather-Jacket.png,Mainstream,,,,,,,Shopurtv,,,,,,,,,,,,,,,,,[]
63241,13 Reasons Why: Season 4 Episode 7 Jessica’s Burgundy Trousers,,https://www.shopyourtv.com/13-reasons-why-season-4-episode-7-jessicas-burgundy-trousers/,Burgundy Trousers,['Theory Straight Leg Pants'],,,,,['13 Reasons Why'],,,"['4x07 - ""College Interview""']",['Alisha Boe'],,https://www.shopyourtv.com/wp-content/uploads/2020/06/trouserss-2-420x363.jpg?v=1591498166,Mainstream,,,,– $132,https://www.theoutnet.com/en-au/shop/product/theory/pants/straight-leg-pants/stretch-crepe-straight-leg-pants/4146401444562167,,Shopurtv,,,,,,,,,,,,,,,,,[]
15220,13 Reasons Why: Season 2 Episode 4 Jess’ Red Burnout Tee,,https://www.shopyourtv.com/13-reasons-why-season-2-episode-4-jess-red-burnout-tee/,[],[],,,,,[],,,[],[],,https://www.shopyourtv.com/wp-content/uploads/2018/05/ghosted-1x04-11-420x367.png,Mainstream,,,,,,,Shopurtv,,,,,,,,,,,,,,,,,[]
16435,13 Reasons Why: Season 3 Episode 9 Justin’s Blue Polo,,https://www.shopyourtv.com/13-reasons-why-season-3-episode-9-justins-blue-polo/,[],[],,,,,[],,,[],[],,https://www.shopyourtv.com/wp-content/uploads/2019/08/13rw-13x07-18-420x339.jpg,Mainstream,,,,,,,Shopurtv,,,,,,,,,,,,,,,,,[]
44194,13 Reasons Why: Season 4 Episode 10 White/Black Star Print Blouse,,https://www.shopyourtv.com/13-reasons-why-season-4-episode-10-white-black-star-print-blouse/,Black & White Star Print Blouse,['Equipment Signature Star Print Blouse'],,,,,['13 Reasons Why'],,,"['4x10 - ""Graduation""']",['Veronica St Clair'],,https://www.shopyourtv.com/wp-content/uploads/2020/06/black-star-420x352.jpg?v=1591367514,Mainstream,,,,,https://rstyle.me/+mFupPc63gv3t9fRCMM3ngw,,Shopurtv,,,,,,,,,,,,,,,,,[]
93693,13 Reasons Why: Season 4 Episode 2 Clay’s Dark Blue Denim Jacket,,https://www.shopyourtv.com/13-reasons-why-season-4-episode-2-clays-dark-blue-denim-jacket/,Dark Blue/Black Denim Jacket,"[""PAIGE Men's Scout Denim Jacket""]",,,,,['13 Reasons Why'],,,"['4x02 - ""College Tour""']",['Dylan Minnette'],,https://www.shopyourtv.com/wp-content/uploads/2020/06/clay-420x334.jpg?v=1591354240,Mainstream,,,,,https://rstyle.me/+MrtYFVKE3KZtItmElLK_DA,,Shopurtv,,,,,,,,,,,,,,,,,[]
38537,13 Reasons Why: Season 2 Episode 3 Chloe’s Pink Sweater,,https://www.shopyourtv.com/13-reasons-why-season-2-episode-3-chloes-pink-sweater/,[],[],,,,,[],,,[],[],,https://www.shopyourtv.com/wp-content/uploads/2018/05/13-reasons-why-2x01-21-420x298.png,Mainstream,,,,,,,Shopurtv,,,,,,,,,,,,,,,,,[]
64255,13 Reasons Why: Season 1 Episode 10 Clay’s Black Converse,,https://www.shopyourtv.com/13-reasons-season-1-episode-10-clays-black-converse/,[],[],,,,,[],,,[],[],,https://www.shopyourtv.com/wp-content/uploads/2017/04/1x10-13-Reasons-Why-Converse.png,Mainstream,,,,,,,Shopurtv,,,,,,,,,,,,,,,,,[]
41151,13 Reasons Why: Season 4 Episode 4 Ani’s Black Polo Tee,,https://www.shopyourtv.com/13-reasons-why-season-4-episode-4-anis-black-polo-tee/,Black Polo Tee,['Rag & Bone Libby Polo'],,,,,['13 Reasons Why'],,,"['4x04 - ""Senior Camping Trip""']",['Grace Saif'],,https://www.shopyourtv.com/wp-content/uploads/2020/06/Black-collar-ppolo-420x323.jpg?v=1591503026,Mainstream,,,,– $171.00 (yellow),https://api.shopstyle.com/action/apiVisitRetailer?id=790816617&pid=uid2416-8012804-55,,Shopurtv,,,,,,,,,,,,,,,,,[]
30495,13 Reasons Why: Season 3 Episode 9 Ani’s Printed Henley,,https://www.shopyourtv.com/13-reasons-why-season-3-episode-9-anis-printed-henley/,[],[],,,,,[],,,[],[],,https://www.shopyourtv.com/wp-content/uploads/2019/08/13rw-13x07-19-420x336.jpg,Mainstream,,,,[],,,Shopurtv,,,,,,,,,,,,,,,,,[]
28618,13 Reasons Why: Season 2 Episode 10 Jessica’s Yellow Printed Dress,,https://www.shopyourtv.com/13-reasons-why-season-2-episode-10-jessicas-yellow-printed-dress/,[],[],,,,,[],,,[],[],,https://www.shopyourtv.com/wp-content/uploads/2018/05/13rw-31-420x375.png,Mainstream,,,,,,,Shopurtv,,,,,,,,,,,,,,,,,[]
77129,13 Reasons Why: Season 3 Episode 3 Jessica’s Ribbed Striped Wrap Top,,https://www.shopyourtv.com/13-reasons-why-season-3-episode-3-jessicas-ribbed-striped-wrap-top/,[],[],,,,,[],,,[],[],,https://www.shopyourtv.com/wp-content/uploads/2019/08/jessica-420x366.jpg,Mainstream,,,,,,,Shopurtv,,,,,,,,,,,,,,,,,[]
98926,13 Reasons Why: Season 4 Episode 2 Estela’s Grey Ringer T-Shirt,,https://www.shopyourtv.com/13-reasons-why-season-4-episode-2-estelas-grey-ringer-t-shirt/,Grey Ringer Tee,['Forever 21 Classic Ringer Tee'],,,,,['13 Reasons Why'],,,"['4x02 - ""College Tours""']",['Inde Navarrette'],,https://www.shopyourtv.com/wp-content/uploads/2020/06/esterlla-de-la-cruz-420x331.jpg?v=1591501669,Mainstream,,,,– Sold Out,https://rstyle.me/+Aj13qHhv6cwZSg1fvGxABQ,,Shopurtv,,,,,,,,,,,,,,,,,[]
57817,13 Reasons Why: Season 4 Episode 3 Justin’s Blue Backpack,,https://www.shopyourtv.com/13-reasons-why-season-4-episode-3-justins-blue-backpack/,Blue Backpack,['Herschel Supply Co Pop Quiz Backpack'],,,,,['13 Reasons Why'],,,"['4x03 - ""Valentine\'s Day""']",['Brandon Flynn'],,https://www.shopyourtv.com/wp-content/uploads/2020/06/kRibbed-Stripe-Sweater-14-420x332.jpg?v=1591361098,Mainstream,,,,– $47.97,https://shopstyle.it/l/bisbd,,Shopurtv,,,,,,,,,,,,,,,,,[]
80576,13 Reasons Why: Season 3 Episode 11 Jessica’s Floral Tee,,https://www.shopyourtv.com/13-reasons-why-season-3-episode-11-jessicas-floral-tee/,[],[],,,,,[],,,[],[],,https://www.shopyourtv.com/wp-content/uploads/2019/08/13rw-13x07-32-420x317.jpg,Mainstream,,,,,,,Shopurtv,,,,,,,,,,,,,,,,,[]
21410,13 Reasons Why: Season 3 Episode 9 Jessica’s Green Bomber jacket,,https://www.shopyourtv.com/13-reasons-why-season-3-episode-9-jessicas-green-bomber-jacket/,[],[],,,,,[],,,[],[],,https://www.shopyourtv.com/wp-content/uploads/2019/08/13rw-13x07-17-420x345.jpg,Mainstream,,,,[],,,Shopurtv,,,,,,,,,,,,,,,,,[]
69029,13 Reasons Why: Season 2 Episode 10 Sheri’s Multi Striped Ribbed Sweater,,https://www.shopyourtv.com/13-reasons-why-season-2-episode-10-sheris-multi-striped-ribbed-sweater/,[],[],,,,,[],,,[],[],,https://www.shopyourtv.com/wp-content/uploads/2018/05/13rw-35-420x322.png,Mainstream,,,,,,,Shopurtv,,,,,,,,,,,,,,,,,[]
29956,13 Reasons Why: Season 2 Episode 3 Jessica’s Patch Printed Ruched Dress,,https://www.shopyourtv.com/13-reasons-why-season-2-episode-3-jessicas-patch-printed-ruched-dress/,[],[],,,,,[],,,[],[],,https://www.shopyourtv.com/wp-content/uploads/2018/05/13rw-74-420x314.png,Mainstream,,,,,,,Shopurtv,,,,,,,,,,,,,,,,,[]
59416,13 Reasons Why: Season 1 Episode 8 Zach’s Grey Stripe Jacket,,https://www.shopyourtv.com/13-reasons-season-1-episode-8-zachs-grey-stripe-jacket/,[],[],,,,,[],,,[],[],,https://www.shopyourtv.com/wp-content/uploads/2017/04/1x07-13-REasons-Zach-adidas.png,Mainstream,,,,,,,Shopurtv,,,,,,,,,,,,,,,,,[]
43213,13 Reasons Why: Season 4 Episode 1 Jessica’s Silver Necklace,,https://www.shopyourtv.com/13-reasons-why-season-4-episode-1-jessicas-silver-necklace/,Silver Necklace,['Kendra Scott Elisa Necklace'],,,,,['13 Reasons Why'],,,"['4x01 - ""Winter Break""']",['Alisha Boe'],,https://www.shopyourtv.com/wp-content/uploads/2020/06/kRibbed-Stripe-Sweater-12-420x325.jpg?v=1591348294,Mainstream,,,,– $58.00,https://api.shopstyle.com/action/apiVisitRetailer?id=823143714&pid=uid2416-8012804-55,,Shopurtv,,,,,,,,,,,,,,,,,[]
14441,13 Reasons Why: Season 2 Episode 4 Marcus’ Grey Bomber Jacket,,https://www.shopyourtv.com/13-reasons-why-season-2-episode-4-marcus-grey-bomber-jacket/,[],[],,,,,[],,,[],[],,https://www.shopyourtv.com/wp-content/uploads/2018/05/ghosted-1x04-17-420x332.png,Mainstream,,,,,,,Shopurtv,,,,,,,,,,,,,,,,,[]
94384,13 Reasons Why: Season 2 Episode 3 Tony’s Quilted Shoulder Jacket,,https://www.shopyourtv.com/13-reasons-why-season-2-episode-3-tonys-quilted-shoulder-jacket/,[],[],,,,,[],,,[],[],,https://www.shopyourtv.com/wp-content/uploads/2018/05/13-reasons-why-2x01-22-420x356.png,Mainstream,,,,,,,Shopurtv,,,,,,,,,,,,,,,,,[]
99825,13 Reasons Why: Season 1 Episode 13 Mrs Down’s Pink Turtleneck Sweater,,https://www.shopyourtv.com/13-reasons-season-1-episode-13-mrs-downs-pink-turtleneck-sweater/,[],[],,,,,[],,,[],[],,https://www.shopyourtv.com/wp-content/uploads/2017/04/1x13-13-Reasons-Pink-Turtle-Neck.png,Mainstream,,,,,,,Shopurtv,,,,,,,,,,,,,,,,,[]
10856,13 Reasons Why: Season 1 Episode 7 Zach’s Neon Grey Jacket,,https://www.shopyourtv.com/13-reasons-season-1-episode-7-zachs-neon-grey-jacket/,[],[],,,,,[],,,[],[],,https://www.shopyourtv.com/wp-content/uploads/2017/04/1x07-13-REasons-Zach-Nike-Jacket.png,Mainstream,,,,,,,Shopurtv,,,,,,,,,,,,,,,,,[]
78730,13 Reasons Why: Season 1 Episode 9 Zach’s Printed Sleeve Hoodie,,https://www.shopyourtv.com/13-reasons-season-1-episode-9-zachs-printed-sleeve-hoodie/,[],[],,,,,[],,,[],[],,https://www.shopyourtv.com/wp-content/uploads/2017/05/13-Reasons.jpg,Mainstream,,,,,,,Shopurtv,,,,,,,,,,,,,,,,,[]
24372,13 Reasons Why: Season 3 Episode 12 Nora’s Black Leggings,,https://www.shopyourtv.com/13-reasons-why-season-3-episode-12-noras-black-leggings/,[],[],,,,,[],,,[],[],,https://www.shopyourtv.com/wp-content/uploads/2019/08/luluraccer-1-420x401.jpg,Mainstream,,,,,,,Shopurtv,,,,,,,,,,,,,,,,,[]
88395,13 Reasons Why: Season 3 Episode 13 Jessica’s Leather Zip Front Skirt,,https://www.shopyourtv.com/13-reasons-why-season-3-episode-13-jessicas-leather-zip-front-skirt/,[],[],,,,,[],,,[],[],,https://www.shopyourtv.com/wp-content/uploads/2019/08/jessica-zip-front-skirt-420x344.jpg,Mainstream,,,,,,,Shopurtv,,,,,,,,,,,,,,,,,[]
98286,13 Reasons Why: Season 3 Episode 4 Clay’s Grey Backpack,,https://www.shopyourtv.com/13-reasons-why-season-3-episode-4-clays-grey-backpack/,[],[],,,,,[],,,[],[],,https://www.shopyourtv.com/wp-content/uploads/2019/08/ckat-vaf-420x359.jpg,Mainstream,,,,,,,Shopurtv,,,,,,,,,,,,,,,,,[]
77471,13 Reasons Why: Season 1 Episode 10 Sheri’s Black Bow Flats,,https://www.shopyourtv.com/13-reasons-season-1-episode-10-sheris-black-bow-flats/,[],[],,,,,[],,,[],[],,https://www.shopyourtv.com/wp-content/uploads/2017/04/13-Reasons-Why-1x10-Sheri-Flats.png,Mainstream,,,,,,,Shopurtv,,,,,,,,,,,,,,,,,[]
83408,13 Reasons Why: Season 3 Episode 11 Ani’s Striped Sweater,,https://www.shopyourtv.com/13-reasons-why-season-3-episode-11-anis-striped-sweater/,[],[],,,,,[],,,[],[],,https://www.shopyourtv.com/wp-content/uploads/2019/08/High-School-musical-7-420x331.jpg,Mainstream,,,,,,,Shopurtv,,,,,,,,,,,,,,,,,[]
45280,13 Reasons Why: Season 3 Episode 9 Justin’s Contrast Collar Denim Jacket,,https://www.shopyourtv.com/13-reasons-why-season-3-episode-9-justins-contrast-collar-denim-jacket/,[],[],,,,,[],,,[],[],,https://www.shopyourtv.com/wp-content/uploads/2019/08/13rw-13x07-20-420x338.jpg,Mainstream,,,,[],,,Shopurtv,,,,,,,,,,,,,,,,,[]
91475,13 Reasons Why: Season 3 Episode 10 Olivia Baker’s Tan Wrap Coat,,https://www.shopyourtv.com/13-reasons-why-season-3-episode-10-olivia-bakers-tan-wrap-coat/,[],[],,,,,[],,,[],[],,https://www.shopyourtv.com/wp-content/uploads/2019/08/13rw-13x07-26-420x344.jpg,Mainstream,,,,,,,Shopurtv,,,,,,,,,,,,,,,,,[]
76819,13 Reasons Why: Season 1 Episode 2 Jessica’s Purple Tank Top,,https://www.shopyourtv.com/13-reasons-season-1-episode-2-jessicas-purple-tank-top/,[],[],,,,,[],,,[],[],,https://www.shopyourtv.com/wp-content/uploads/2017/04/1x02-Jessica-Purple-Tank-Top.png,Mainstream,,,,,,,Shopurtv,,,,,,,,,,,,,,,,,[]
25829,13 Reasons Why: Season 1 Episode 4 Hannah’s Double Buckle Boots,,https://www.shopyourtv.com/13-reasons-season-1-episode-4-hannahs-double-buckle-boots/,[],[],,,,,[],,,[],[],,https://www.shopyourtv.com/wp-content/uploads/2017/04/1x04-13-Reasons-Why-Buckle-Boots.png,Mainstream,,,,,,,Shopurtv,,,,,,,,,,,,,,,,,[]
95004,13 Reasons Why: Season 3 Episode 1 Alex’s Burgundy Polo Tee,,https://www.shopyourtv.com/13-reasons-why-season-3-episode-1-alexs-burgundy-polo-tee/,[],[],,,,,[],,,[],[],,https://www.shopyourtv.com/wp-content/uploads/2019/08/13RW-3x01-5-420x278.jpg,Mainstream,,,,,,,Shopurtv,,,,,,,,,,,,,,,,,[]
39192,13 Reasons Why: Season 3 Episode 3 Ani’s Black Boots,,https://www.shopyourtv.com/13-reasons-why-season-3-episode-3-anis-black-boots/,[],[],,,,,[],,,[],[],,https://www.shopyourtv.com/wp-content/uploads/2019/08/Ani-Camo-1-420x334.jpg,Mainstream,,,,,,,Shopurtv,,,,,,,,,,,,,,,,,[]
36082,13 Reasons Why: Season 4 Episode 10 Jessica’s Grey Drawstring Sweater,,https://www.shopyourtv.com/13-reasons-why-season-4-episode-10-jessicas-grey-drawstring-sweater/,Grey Drawstring Front Sweater,['Splendid Long Sleeve PJ Top in Skyway'],,,,,['13 Reasons Why'],,,"['4x10 - ""Graduation""']",['Alisha Boe'],,https://www.shopyourtv.com/wp-content/uploads/2020/06/drawestr-420x333.jpg?v=1591363916,Mainstream,,,,– $18,https://rstyle.me/+IU598H4rQg-zHn-jS7XzsA,,Shopurtv,,,,,,,,,,,,,,,,,[]
48282,13 Reasons Why: Season 1 Episode 2 Bryce’s Pink Polo,,https://www.shopyourtv.com/13-reasons-season-1-episode-2-bryces-pink-polo/,[],[],,,,,[],,,[],[],,https://www.shopyourtv.com/wp-content/uploads/2017/04/1x02-Bryce-Walker-Pink-Polo.png,Mainstream,,,,,,,Shopurtv,,,,,,,,,,,,,,,,,[]
62308,13 Reasons Why: Season 3 Episode 10 Tony’s Leather Biker Jacket,,https://www.shopyourtv.com/13-reasons-why-season-3-episode-10-tonys-leather-biker-jacket/,[],[],,,,,[],,,[],[],,https://www.shopyourtv.com/wp-content/uploads/2019/08/13rw-13x07-28-420x326.jpg,Mainstream,,,,,,,Shopurtv,,,,,,,,,,,,,,,,,[]
85747,13 Reasons Why: Season 4 Episode 3 Ani’s Green Overalls,,https://www.shopyourtv.com/13-reasons-why-season-4-episode-3-anis-green-overalls/,Overalls with Thin Straps,['Anthropologie Asha Bib-Front Utility Overalls'],,,,,['13 Reasons Why'],,,"['4x03 - ""Valentine\'s Day""']",['Grace Saif'],,https://www.shopyourtv.com/wp-content/uploads/2020/06/kRibbed-Stripe-Sweater-16-420x347.jpg?v=1591361977,Mainstream,,,,– Sold Out,https://shopstyle.it/l/biscw,,Shopurtv,,,,,,,,,,,,,,,,,[]
43125,13 Reasons Why: Season 1 Episode 11 Clay’s Black/Red Headphones,,https://www.shopyourtv.com/13-reasons-season-1-episode-11-clays-blackred-headphones/,[],[],,,,,[],,,[],[],,https://www.shopyourtv.com/wp-content/uploads/2017/04/1x11-13-Reasons-Clay-Beats.png,Mainstream,,,,,,,Shopurtv,,,,,,,,,,,,,,,,,[]
73099,13 Reasons Why: Season 2 Episode 1 Hannah’s Blue Denim Jacket,,https://www.shopyourtv.com/13-reasons-why-season-2-episode-1-hannahs-blue-denim-jacket/,[],[],,,,,[],,,[],[],,https://www.shopyourtv.com/wp-content/uploads/2018/05/13-reasons-why-2x01-5-420x329.png,Mainstream,,,,,,,Shopurtv,,,,,,,,,,,,,,,,,[]
44062,13 Reasons Why: Season 2 Episode 9 Tony’s Washed Biker Jacket,,https://www.shopyourtv.com/13-reasons-why-season-2-episode-9-tonys-washed-biker-jacket/,[],[],,,,,[],,,[],[],,https://www.shopyourtv.com/wp-content/uploads/2018/05/13rw-25-420x318.png,Mainstream,,,,[],,,Shopurtv,,,,,,,,,,,,,,,,,[]
12554,13 Reasons Why: Season 1 Episode 4 Marcus’ Navy Blue Hoodie,,https://www.shopyourtv.com/13-reasons-season-1-episode-4-marcus-navy-blue-hoodie/,[],[],,,,,[],,,[],[],,https://www.shopyourtv.com/wp-content/uploads/2017/04/1x04-13-Reasons-Why-Marcus-Jacket.png,Mainstream,,,,,,,Shopurtv,,,,,,,,,,,,,,,,,[]
96488,13 Reasons Why: Season 1 Episode 7 Sheri’s Floral Bodycon Dress,,https://www.shopyourtv.com/13-reasons-season-1-episode-7-sheris-floral-bodycon-dress/,[],[],,,,,[],,,[],[],,https://www.shopyourtv.com/wp-content/uploads/2017/06/1x07-13rw.png,Mainstream,,,,,,,Shopurtv,,,,,,,,,,,,,,,,,[]
98244,13 Reasons Why: Season 1 Episode 7 Lainie’s Run Shirt,,https://www.shopyourtv.com/13-reasons-season-1-episode-7-lainies-run-shirt/,[],[],,,,,[],,,[],[],,https://www.shopyourtv.com/wp-content/uploads/2017/04/1x07-13-Reasons-Why-Nike-Jacket.png,Mainstream,,,,,,,Shopurtv,,,,,,,,,,,,,,,,,[]
61295,13 Reasons Why: Season 3 Episode 3 Jessica’s Orange V Neck Tee,,https://www.shopyourtv.com/13-reasons-why-season-3-episode-3-jessicas-orange-v-neck-tee/,[],[],,,,,[],,,[],[],,https://www.shopyourtv.com/wp-content/uploads/2019/08/jess-420x365.jpg,Mainstream,,,,,,,Shopurtv,,,,,,,,,,,,,,,,,[]
31690,13 Reasons Why: Season 2 Episode 3 Courtney’s Stone Printed Cardigan,,https://www.shopyourtv.com/13-reasons-why-season-2-episode-3-courtneys-stone-printed-cardigan/,[],[],,,,,[],,,[],[],,https://www.shopyourtv.com/wp-content/uploads/2018/05/13-reasons-why-2x01-19-420x305.png,Mainstream,,,,,,,Shopurtv,,,,,,,,,,,,,,,,,[]
15426,13 Reasons Why: Season 4 Episode 7 Estela’s Green & Black Checked Bomber Jacket,,https://www.shopyourtv.com/13-reasons-why-season-4-episode-7-estelas-green-black-checked-bomber-jacket/,Green & Black Checked Bomber Jacket,['A.L.C. Checked wool bomber jacket'],,,,,['13 Reasons Why'],,,"['4x07 - ""College Interview""']",['Inde Navarrette'],,https://www.shopyourtv.com/wp-content/uploads/2020/06/estella-420x323.jpg?v=1591498929,Mainstream,,,,– $172,https://rstyle.me/+O4giWDU4ByEgGnKFTZGChw,,Shopurtv,,,,,,,,,,,,,,,,,[]
20158,13 Reasons Why: Season 1 Episode 5 Turtle Print Dress,,https://www.shopyourtv.com/13-reasons-season-1-episode-5-turtle-print-dress/,[],[],,,,,[],,,[],[],,https://www.shopyourtv.com/wp-content/uploads/2017/04/1x05-13-Reasons-Why-Turtle-Print-Dress.png,Mainstream,,,,,,,Shopurtv,,,,,,,,,,,,,,,,,[]
13962,13 Reasons Why: Season 2 Episode 9 Jessica’s Cactus Print Tee,,https://www.shopyourtv.com/13-reasons-why-season-2-episode-9-jessicas-cactus-print-tee/,[],[],,,,,[],,,[],[],,https://www.shopyourtv.com/wp-content/uploads/2018/05/13rw-27-420x327.png,Mainstream,,,,,,,Shopurtv,,,,,,,,,,,,,,,,,[]
83054,13 Reasons Why: Season 1 Episode 5 Courtney’s Tie Neck Blouse,,https://www.shopyourtv.com/13-reasons-season-1-episode-5-courtneys-tie-neck-blouse/,[],[],,,,,[],,,[],[],,https://www.shopyourtv.com/wp-content/uploads/2017/04/1x05-13-Reasons-Why-Courtney-Tie-Neck.png,Mainstream,,,,,,,Shopurtv,,,,,,,,,,,,,,,,,[]
