Id,Short Description,Product_link,Description,Product Name,Product Brand,Outfit Name,Outfit Description,Outfit Image,Movie/Show,Series name,Series No,Episode,Celebrity Name,Character Name,Celebrity Image,Celebrity Type,Image1,Image2,Media,Buy,Extra_description,Source,Key works,In House,In House Price,Why we Like it,Who will this suit,Region,Year ,Video,Exact Image,Exact Store,Exact Price,Exact BuyLink,Similar Image,Similar Store,Similar Price,Similar BuyLink
69393,,https://wornontv.net/44095/,Cassandra Railly (played by Amanda Schull) on 12 Monkeys on Syfy was spotted wearing this ombre printed coat on 12 Monkeys on episode &amp;#039;&amp;#039; (1x01) in Jan 2015. Cassandra's Coat is the Nala Coat by . ,Cassandra’s ombre printed coat on 12 Monkeys,,Coat,Nala Coat by,https://wornontv.net/dottv/cdn2/tiles/diane-von-furstenberg-nala-coat-amanda-schull-12-monkeys.jpg,12-monkeys,Pilot,1,01,Amanda Schull,Cassandra Railly,https://uploads.wornontv.net/2015/01/cassandras-ombre-print-coat.jpg,Mainstream,,,,,,WornOnTv,"12 Monkeys, Cassandra Railly, Amanda Schull, 12 Monkeys: Season 1 Episode 1, Diane von Furstenberg, ",,,,,,,,https://wornontv.net/dottv/assets/products/Diane-von-Furstenberg-and39Nalaand39-Woven-Coat-32292-24671.jpg,Nordstrom,$795,http://shop.nordstrom.com/s/diane-von-furstenberg-nala-woven-coat/3549778,,,,
67480,,https://wornontv.net/44092/,Cassandra Railly (played by Amanda Schull) on 12 Monkeys on Syfy was spotted wearing this burgundy coat on 12 Monkeys on episode &amp;#039;&amp;#039; (1x02) in Jan 2015. Cassandra's Coat is the Icon Trench Coat in Wool-Cashmere in Cabernet by J.Crew. ,Cassandra’s burgundy coat on 12 Monkeys,,Coat,Icon Trench Coat in Wool-Cashmere in Cabernet by J.Crew,https://wornontv.net/dottv/cdn2/tiles/j-crew-icon-trench-cabernet-amanda-schull-12-monkeys.jpg,12-monkeys,Mentally Divergent,1,02,Amanda Schull,Cassandra Railly,https://uploads.wornontv.net/2015/01/cassies-burgundy-coat.jpg,Mainstream,,,,,,WornOnTv,"12 Monkeys, Cassandra Railly, Amanda Schull, 12 Monkeys: Season 1 Episode 1, 12 Monkeys: Season 1 Episode 2, J. Crew, ",,,,,,,,,,,,,,,
68324,,https://wornontv.net/44099/,Cassandra Railly (played by Amanda Schull) on 12 Monkeys on Syfy was spotted wearing this black leather lace dress on 12 Monkeys on episode &amp;#039;&amp;#039; (1x01) in Jan 2015. Cassandra's Dress is the Metallic Lace Dress by LAgence. ,Cassandra’s black leather lace dress on 12 Monkeys,,Dress,Metallic Lace Dress by LAgence,https://wornontv.net/dottv/cdn2/tiles/lagence-lace-cap-sleeve-dress-amanda-schull-12-monkeys.jpg,12-monkeys,Pilot,1,01,Amanda Schull,Cassandra Railly,https://uploads.wornontv.net/2015/01/cassandras-black-leather-lace-dress.jpg,Mainstream,,,,,,WornOnTv,"12 Monkeys, Cassandra Railly, Amanda Schull, 12 Monkeys: Season 1 Episode 1, 12 Monkeys: Season 1 Episode 2, L'Agence, ",,,,,,,,https://wornontv.net/dottv/assets/products/Land39agence-Metallic-Lace-Dress---44099-24673.jpg,Farfetch,no longer available,http://www.farfetch.com/shopping/women/lagence-metallic-lace-dress-item-10590142.aspx,https://wornontv.net/dottv/assets/products/Eliza-J-Beaded-Lace-Sheath-Dress-44099-24674.jpg,Nordstrom,$198,http://shop.nordstrom.com/s/eliza-j-beaded-lace-sheath-dress/3842558
54929,,https://wornontv.net/45028/,James Cole (played by Aaron Stanford) on 12 Monkeys on Syfy was spotted wearing this grey and red henley tee on 12 Monkeys on episode &amp;#039;&amp;#039; (1x03) in Feb 2015. James's Shirt is the Raglan Henley in Grey/True Red by Alternative. ,James’s grey and red henley tee on 12 Monkeys,,Shirt,Raglan Henley in Grey/True Red by Alternative,https://wornontv.net/dottv/cdn2/tiles/alternative-mens-raglan-henley-grey-true-red-aaron-stanford-12-monkeys.jpg,12-monkeys,Cassandra Complex,1,03,Aaron Stanford,James Cole,https://uploads.wornontv.net/2015/02/james-grey-red-henley.jpg,Mainstream,,,,,,WornOnTv,"12 Monkeys, James Cole, Aaron Stanford, 12 Monkeys: Season 1 Episode 3, Alternative, mens, ",,,,,,,,https://wornontv.net/dottv/assets/products/Alternative-raglan-henley-45028-25301.jpg,Amazon, ,https://www.amazon.com/Alternative-Mens-Raglan-Henley-Shirt/dp/B006TUXG5Q,,,,
75270,,https://wornontv.net/45030/,Cassandra Railly (played by Amanda Schull) on 12 Monkeys on Syfy was spotted wearing this grey mesh hoodie on 12 Monkeys on episode &amp;#039;&amp;#039; (1x03) in Feb 2015. Cassandra's Sweater is the Perforated Hoodie by Eileen Fisher. ,Cassandra’s grey mesh hoodie on 12 Monkeys,,Sweater,Perforated Hoodie by Eileen Fisher,https://wornontv.net/dottv/cdn2/tiles/eileen-fisher-perforated-hoodie-amanda-schull-12-monkeys.jpg,12-monkeys,Cassandra Complex,1,03,Amanda Schull,Cassandra Railly,https://uploads.wornontv.net/2015/02/cassandras-grey-perforated-hoodie.jpg,Mainstream,,,,,,WornOnTv,"12 Monkeys, Cassandra Railly, Amanda Schull, 12 Monkeys: Season 1 Episode 3, Eileen Fisher, ",,,,,,,,https://wornontv.net/dottv/assets/products/Eileen-Fisher-Petites-Perforated-Hoodie-45030-25302.jpg,Bloomingdales,no longer available,http://www1.bloomingdales.com/shop/product/eileen-fisher-petites-perforated-hoodie?ID=1064312,https://wornontv.net/dottv/assets/products/Mesh-Hoodie-45030-25303.jpg,Nordstrom Rack,$44.97,https://www.nordstromrack.com/shop/product/855794/nation-ltd-nation-ltd-medford-hoodie?color=HEATHER%2BGREY%2BMESH
83426,,https://wornontv.net/44637/,Cassandra Railly (played by Amanda Schull) on 12 Monkeys on Syfy was spotted wearing this blue plaid shirt on 12 Monkeys on episode &amp;#039;&amp;#039; (1x02) in Jan 2015. Cassandra's Top is the Kendra Shirt in Malibu White by Rails . ,Cassie’s blue plaid shirt on 12 Monkeys,,Top,Kendra Shirt in Malibu White by Rails,https://wornontv.net/dottv/cdn2/tiles/rails-kendra-shirt-malibu-white-amanda-schull-12-monkey.jpg,12-monkeys,Mentally Divergent,1,02,Amanda Schull,Cassandra Railly,https://uploads.wornontv.net/2015/01/cassies-blue-plaid-shirt.jpg,Mainstream,,,,,,WornOnTv,"12 Monkeys, Cassandra Railly, Amanda Schull, 12 Monkeys: Season 1 Episode 2, Rails, ",,,,,,,,https://wornontv.net/dottv/assets/products/Rails---Kendra-Plaid-Button-Down-Shirt-38001-21595.jpg,Saks Fifth Avenue,$108,https://www.saksfifthavenue.com/product/show?pid=845524446715071,,,,
20597,,https://wornontv.net/188304/,Jessica Davis (played by Alisha Boe) on 13 Reasons Why on Netflix was spotted wearing this white dotted blouse on 13 Reasons Why on episode &amp;#039;&amp;#039; (4x07) in Jun 2020. Jessica's Top is the Dot Triangle Silk Shirt by Theory. ,Jessica’s white dotted blouse on 13 Reasons Why,,Top,Dot Triangle Silk Shirt by Theory,https://uploads.wornontv.net/2020/06/dot-Triangle-Silk-Shirt-by-Theory-Alisha-Boe-13-reasons-why.jpg,13-reasons-why,College Interview,4,07,Alisha Boe,Jessica Davis,https://uploads.wornontv.net/2020/06/jessica-whtie-dot-pritn-blouse.jpg,Mainstream,,,,,,WornOnTv,"13 Reasons Why, Jessica Davis, Alisha Boe, 13 Reasons Why: Season 4 Episode 7, Theory, ",,,,,,,,https://wornontv.net/dottv/assets/products/Dot-Triangle-Silk-Shirt-by-Theory-188304-1056421591759383.jpg,Theory,$345,https://www.theory.com/classic-straight-shirt/J0702515.html?utm_source=AFF001%26utm_medium=AFF%26utm_campaign=merchandiser,,,,
42688,,https://wornontv.net/101383/,Chloe Rice (played by Anne Winters) on 13 Reasons Why on Netflix was spotted wearing this red printed wrap dress on 13 Reasons Why on episode &amp;#039;&amp;#039; (2x09) in May 2018. Chloe's Dress is the wrap-front mini dress in seattle floral by Madewell. ,Chloe’s red printed wrap dress on 13 Reasons Why,,Dress,wrap-front mini dress in seattle floral by Madewell,https://uploads.wornontv.net/2018/05/Madewell-wrap-front-mini-dress-in-seattle-floral-Anne-Winters-13-Reasons-Why.jpg,13-reasons-why,The Missing Page,2,09,Anne Winters,Chloe Rice,https://uploads.wornontv.net/2018/05/red-printed-wrap-dress.jpg,Mainstream,,,,,,WornOnTv,"13 Reasons Why, Chloe Rice, Anne Winters, 13 Reasons Why: Season 2 Episode 9, Madewell, ",,,,,,,,https://wornontv.net/dottv/assets/products/wrap-front-mini-dress-in-seattle-floral-by-Madewell-101383-59568.jpg,Madewell,$148,3;url=https://www.anrdoezrs.net/click-7900573-13454258?sid=5620059891,,,,
91758,,https://wornontv.net/69401/,Tony Padilla (played by Christian Navarro) on 13 Reasons Why on Netflix was spotted wearing this leather jacket on 13 Reasons Why on episode &amp;#039;&amp;#039; (1x02) in Apr 2017. Tony's Jacket is the Conroy Leather Biker Jacket by All Saints . ,Tony’s leather jacket on 13 Reasons Why,,Jacket,Conroy Leather Biker Jacket by All Saints,https://uploads.wornontv.net/2017/04/all-saints-conroy-jacket-tony-13rw.jpg,13-reasons-why,"Tape 1, Side B",1,02,Christian Navarro,Tony Padilla,https://uploads.wornontv.net/2017/04/tony-leather-jacket.jpg,Mainstream,,,,,,WornOnTv,"13 Reasons Why, Tony Padilla, Christian Navarro, 13 Reasons Why: Season 1 Episode 1, 13 Reasons Why: Season 1 Episode 13, 13 Reasons Why: Season 1 Episode 2, 13 Reasons Why: Season 1 Episode 4, 13 Reasons Why: Season 1 Episode 6, 13 Reasons Why: Season 1 Episode 7, 13 Reasons Why: Season 1 Episode 8, All Saints, mens, ",,,,,,,,https://wornontv.net/dottv/assets/products/Conroy-Leather-Jacket-69401-43303.jpg,All Saints,$670,https://www.us.allsaints.com/men/leather-jackets/allsaints-conroy-leather-biker-jacket/,,,,
34861,,https://wornontv.net/188345/,Jessica Davis (played by Alisha Boe) on 13 Reasons Why on Netflix was spotted wearing this gray drawstring waist top on 13 Reasons Why on episode &amp;#039;&amp;#039; (4x10) in Jun 2020. Jessica's Top is the Long Sleeve PJ Top by Splendid. ,Jessica’s gray drawstring waist top on 13 Reasons Why,,Top,Long Sleeve PJ Top by Splendid,https://uploads.wornontv.net/2020/06/Splendid-Long-Sleeve-PJ-Top-Alisha-Boe-13-Reasons-Why.jpg,13-reasons-why,Graduation,4,10,Alisha Boe,Jessica Davis,https://uploads.wornontv.net/2020/06/jessica-gray-drawstring-waist-sweatshirt.jpg,Mainstream,,,,,,WornOnTv,"13 Reasons Why, Jessica Davis, Alisha Boe, 13 Reasons Why: Season 4 Episode 10, Splendid, ",,,,,,,,https://wornontv.net/dottv/assets/products/Splendid-Long-Sleeve-PJ-Top-in-Skyway-from-Revolve-com-188345-1056661591766586.jpg,Revolve,no longer available,3;url=https://www.kqzyfj.com/click-7900573-11017645?sid=5620060120,,,,
95022,,https://wornontv.net/101645/,Jessica Davis (played by Alisha Boe) on 13 Reasons Why on Netflix was spotted wearing this blue floral print wrap dress on 13 Reasons Why on episode &amp;#039;&amp;#039; (2x13) in May 2018. Jessica's Dress is the Rita Wrap Dress by Kimchi Blue at Urban Outfitters. ,Jessica’s blue floral print wrap dress on 13 Reasons Why,,Dress,Rita Wrap Dress by Kimchi Blue at Urban Outfitters,https://uploads.wornontv.net/2018/05/Urban-Outfitters-Kimchi-Blue-Rita-Wrap-Dress-Alisha-Boe-13-Reasons-Why.jpg,13-reasons-why,Bye,2,13,Alisha Boe,Jessica Davis,https://uploads.wornontv.net/2018/05/blue-floral-print-wrap-dress.jpg,Mainstream,,,,,,WornOnTv,"13 Reasons Why, Jessica Davis, Alisha Boe, 13 Reasons Why: Season 2 Episode 13, Kimchi Blue, ",,,,,,,,https://wornontv.net/dottv/assets/products/Rita-Wrap-Dress-by-Kimchi-Blue-at-Urban-Outfitters-101645-59707.jpg,Urban Outfitters,no longer available,https://www.urbanoutfitters.com/shop/kimchi-blue-rita-wrap-dress,,,,
82601,,https://wornontv.net/149731/,Olivia Baker (played by Kate Walsh) on 13 Reasons Why on Netflix was spotted wearing this pink wrap coat on 13 Reasons Why on episode &amp;#039;&amp;#039; (3x10) in Aug 2019. Olivia's Coat is the Elethea Short Wrap Coat by Ted Baker. ,Olivia’s pink wrap coat on 13 Reasons Why,,Coat,Elethea Short Wrap Coat by Ted Baker,https://uploads.wornontv.net/2019/08/ted-baker-ELETHEA-Coat-Kate-Walsh-13-Reasons-Why.jpg,13-reasons-why,The World Closing In,3,10,Kate Walsh,Olivia Baker,https://uploads.wornontv.net/2019/08/pink-tie-wrap-coat.jpg,Mainstream,,,,,,WornOnTv,"13 Reasons Why, Olivia Baker, Kate Walsh, 13 Reasons Why: Season 3 Episode 10, Ted Baker, ",,,,,,,,https://wornontv.net/dottv/assets/products/Elethea-Wool-Blend-Wrap-Coat-149731-843271567053391.jpg,Nordstrom Rack,$449,https://www.nordstromrack.com/shop/product/2050938/ted-baker-london-elethea-wool-blend-wrap-coat?color=CAMEL,https://wornontv.net/dottv/assets/products/ASOS-DESIGN-smart-coat-with-wrap-front-detail-in-pink---ASOS-149731-843281567053509.jpg,Asos,$127,3;url=https://shopstyle.evyy.net/c/57486/755404/10982?u=https://us.asos.com/asos-design/asos-design-smart-coat-with-wrap-front-detail-in-pink/prd/11811030
16276,,https://wornontv.net/149325/,Courtney Crimsen (played by Michele Selene Ang) on 13 Reasons Why on Netflix was spotted wearing this burgundy pelican print blouse on 13 Reasons Why on episode &amp;#039;&amp;#039; (3x01) in Aug 2019. Courtney's Top is the Printed Silk-Blend Crepe de Chine Shirt by Alice + Olivia. ,Courtney’s burgundy pelican print blouse on 13 Reasons Why,,Top,Printed Silk-Blend Crepe de Chine Shirt by Alice + Olivia,https://uploads.wornontv.net/2019/08/Alice-and-Olivia-Printed-silk-blend-crepe-de-chine-shirt-Michele-Selene-Ang-13-Reasons-Why.jpg,13-reasons-why,Yeah. I'm the New Girl,3,01,Michele Selene Ang,Courtney Crimsen,https://uploads.wornontv.net/2019/08/red-pelican-print-blouse.jpg,Mainstream,,,,,,WornOnTv,"13 Reasons Why, Courtney Crimsen, Michele Selene Ang, 13 Reasons Why: Season 3 Episode 1, Alice + Olivia, ",,,,,,,,https://wornontv.net/dottv/assets/products/Printed-silk-blend-crepe-de-chine-shirt-149325-841011566614509.jpg,The Outnet,$275,3;url=https://prf.hn/click/camref:1100l4RUI/pubref:5620060458/destination:https://www.theoutnet.com/en-us/shop/product/long-sleeved-top_cod1998551928944786.html%23dept=AM_Just_In%26tp=175318,,,,
19221,,https://wornontv.net/188085/,Jessica Davis (played by Alisha Boe) on 13 Reasons Why on Netflix was spotted wearing this grey plaid blazer on 13 Reasons Why on episode &amp;#039;&amp;#039; (4x02) in Jun 2020. Jessica's Jacket is the Plaid Double Breasted Blazer by Avec Les Filles. ,Jessica’s grey plaid blazer on 13 Reasons Why,,Jacket,Plaid Double Breasted Blazer by Avec Les Filles,https://uploads.wornontv.net/2020/06/Plaid-Double-Breasted-Blazer-by-Avec-Les-Filles-Alisha-Boe-13-resons-why.jpg,13-reasons-why,College Tour,4,02,Alisha Boe,Jessica Davis,https://uploads.wornontv.net/2020/06/Jessica-grey-plaid-blazer.jpg,Mainstream,,,,,,WornOnTv,"13 Reasons Why, Jessica Davis, Alisha Boe, 13 Reasons Why: Season 4 Episode 2, Avec Les Filles, ",,,,,,,,https://wornontv.net/dottv/assets/products/-188085-1055431591588063.jpg,Nordstrom,no longer available,https://shop.nordstrom.com/s/avec-les-filles-plaid-double-breasted-blazer/5028372,,,,
87583,,https://wornontv.net/69407/,Jessica Davis (played by Alisha Boe) on 13 Reasons Why on Netflix was spotted wearing this grey sweater with embellished collar on 13 Reasons Why on episode &amp;#039;&amp;#039; (1x02) in Apr 2017. Jessica's Sweater is the Helane Sweater by Ted Baker . ,Jessica’s grey sweater with embellished collar on 13 Reasons Why,,Sweater,Helane Sweater by Ted Baker,https://uploads.wornontv.net/2017/04/Ted-Baker-London-Embellished-Collar-Mesh-Sleeve-Sweater-jessica-13rw.jpg,13-reasons-why,"Tape 1, Side B",1,02,Alisha Boe,Jessica Davis,https://uploads.wornontv.net/2017/04/jessicas-grey-sweater-embellished-collar.jpg,Mainstream,,,,,,WornOnTv,"13 Reasons Why, Jessica Davis, Alisha Boe, 13 Reasons Why: Season 1 Episode 2, Ted Baker, ",,,,,,,,https://wornontv.net/dottv/assets/products/Ted-Baker-London-Embellished-Collar-Mesh-Sleeve-Sweater-69407-43306.jpg,Nordstrom,no longer available,http://shop.nordstrom.com/s/ted-baker-london-embellished-collar-mesh-sleeve-sweater/4310404,,,,
68746,,https://wornontv.net/149393/,Tony Padilla (played by Christian Navarro) on 13 Reasons Why on Netflix was spotted wearing this black leather jacket on 13 Reasons Why on episode &amp;#039;&amp;#039; (3x04) in Aug 2019. Tony's Jacket is the Conroy Leather Biker Jacket by All Saints. ,Tony’s black leather jacket on 13 Reasons Why,,Jacket,Conroy Leather Biker Jacket by All Saints,https://uploads.wornontv.net/2019/08/conroy-Leather-Biker-Jacket-by-All-Saints-Christian-Navarro-13-reasons-why.jpg,13-reasons-why,"Angry, Young and Man",3,04,Christian Navarro,Tony Padilla,https://uploads.wornontv.net/2019/08/tony-black-moto-jacket.jpg,Mainstream,,,,,,WornOnTv,"13 Reasons Why, Tony Padilla, Christian Navarro, 13 Reasons Why: Season 3 Episode 4, 13 Reasons Why: Season 3 Episode 6, All Saints, mens, ",,,,,,,,https://wornontv.net/dottv/assets/products/ALLSAINTS-Conroy-Leather-Biker-Jacket--Men---Bloomingdale-s-149393-841341566872914.jpg,Bloomingdales,$550,https://www.bloomingdales.com/shop/product/allsaints-conroy-leather-biker-jacket?ID=1732201,,,,
13824,,https://wornontv.net/149313/,Zach Dempsey (played by Ross Butler) on 13 Reasons Why on Netflix was spotted wearing this Adidas colorblock tee on 13 Reasons Why on episode &amp;#039;&amp;#039; (3x02) in Aug 2019. Zach's Shirt is the Sport ID Colorblock Tee by Adidas. ,Zach’s Adidas colorblock tee on 13 Reasons Why,,Shirt,Sport ID Colorblock Tee by Adidas,https://uploads.wornontv.net/2019/08/adidas-Sport-ID-Colorblock-Tee-Ross-Butler-13-reasons-why.jpg,13-reasons-why,"If You're Breathing, You're A Liar",3,02,Ross Butler,Zach Dempsey,https://uploads.wornontv.net/2019/08/zach-adidas-colorblock-tee.jpg,Mainstream,,,,,,WornOnTv,"13 Reasons Why, Zach Dempsey, Ross Butler, 13 Reasons Why: Season 3 Episode 2, Adidas, mens, ",,,,,,,,https://wornontv.net/dottv/assets/products/Sport-ID-Colorblock-Tee-149313-840971566610772.jpg,Adidas,$30,,,,,
31033,,https://wornontv.net/149827/,Ani (played by Grace Saif) on 13 Reasons Why on Netflix was spotted wearing this black sweater with leopard collar on 13 Reasons Why on episode &amp;#039;&amp;#039; (3x10) in Aug 2019. Ani's Sweater is the Tippi sweater with leopard collar by J. Crew. ,Ani’s black sweater with leopard collar on 13 Reasons Why,,Sweater,Tippi sweater with leopard collar by J. Crew,https://uploads.wornontv.net/2019/08/J-Crew-Tippi-sweater-with-leopard-collar-Grace-Saif-13-REasons-Why.jpg,13-reasons-why,The World Closing In,3,10,Grace Saif,Ani,https://uploads.wornontv.net/2019/08/leopard-collar-black-sweater.jpg,Mainstream,,,,,,WornOnTv,"13 Reasons Why, Ani, Grace Saif, 13 Reasons Why: Season 3 Episode 10, J. Crew, ",,,,,,,,,,,,,,,
19427,,https://wornontv.net/69409/,Jessica Davis (played by Alisha Boe) on 13 Reasons Why on Netflix was spotted wearing this grey ringer tee and fur hooded coat on 13 Reasons Why on episode &amp;#039;&amp;#039; (1x02) in Apr 2017. Jessica's Top is the Molly Ringer Tee by Project Social . Jessica's Coat is the Chateau parka in stadium-cloth by J.Crew. ,Jessica’s grey ringer tee and fur hooded coat on 13 Reasons Why,,Top,Molly Ringer Tee by Project Social,https://uploads.wornontv.net/2017/04/Project-Social-T-Molly-Ringer-Tee-jessica-13rw.jpg,13-reasons-why,"Tape 1, Side B",1,02,Alisha Boe,Jessica Davis,https://uploads.wornontv.net/2017/04/jessicas-grey-tee-green-parka.jpg,Mainstream,,,,,,WornOnTv,"13 Reasons Why, Jessica Davis, Alisha Boe, 13 Reasons Why: Season 1 Episode 2, J. Crew, Project Social T, Urban Outfitters, ",,,,,,,,https://wornontv.net/dottv/assets/products/-Project-Social-Molly-Ringer-Tee-69409-43308.jpg,Urban Outfitters,no longer available,https://www.urbanoutfitters.com/shop/project-social-t-molly-ringer-tee,,,,
19427,,https://wornontv.net/69409/,Jessica Davis (played by Alisha Boe) on 13 Reasons Why on Netflix was spotted wearing this grey ringer tee and fur hooded coat on 13 Reasons Why on episode &amp;#039;&amp;#039; (1x02) in Apr 2017. Jessica's Top is the Molly Ringer Tee by Project Social . Jessica's Coat is the Chateau parka in stadium-cloth by J.Crew. ,Jessica’s grey ringer tee and fur hooded coat on 13 Reasons Why,,Coat,Chateau parka in stadium-cloth by J.Crew,https://uploads.wornontv.net/2017/04/Project-Social-T-Molly-Ringer-Tee-jessica-13rw.jpg,13-reasons-why,"Tape 1, Side B",1,02,Alisha Boe,Jessica Davis,https://uploads.wornontv.net/2017/04/jessicas-grey-tee-green-parka.jpg,Mainstream,,,,,,WornOnTv,"13 Reasons Why, Jessica Davis, Alisha Boe, 13 Reasons Why: Season 1 Episode 2, J. Crew, Project Social T, Urban Outfitters, ",,,,,,,,https://wornontv.net/dottv/assets/products/-Project-Social-Molly-Ringer-Tee-69409-43308.jpg,Urban Outfitters,no longer available,https://www.urbanoutfitters.com/shop/project-social-t-molly-ringer-tee,,,,
94671,,https://wornontv.net/70019/,Hannah Baker (played by Katherine Langford) on 13 Reasons Why on Netflix was spotted wearing this orange plaid shirt on 13 Reasons Why on episode &amp;#039;&amp;#039; (1x12) in Apr 2017. Hannah's Top is the Polly Flannel Button-Down Shirt by BDG at Urban Outfitters. ,Hannah’s orange plaid shirt on 13 Reasons Why,,Top,Polly Flannel Button-Down Shirt by BDG at Urban Outfitters,https://uploads.wornontv.net/2017/04/bdg-polly-flannel-orange-hannah-13rw.jpg,13-reasons-why,"Tape 6, Side B",1,12,Katherine Langford,Hannah Baker,https://uploads.wornontv.net/2017/04/hannahs-orange-plaid-shirt.jpg,Mainstream,,,,,,WornOnTv,"13 Reasons Why, Hannah Baker, Katherine Langford, 13 Reasons Why: Season 1 Episode 12, Urban Outfitters, ",,,,,,,,https://wornontv.net/dottv/assets/products/Polly-Flannel-Shirt-orange-70019-43638.jpg,Urban Outfitters,no longer available,https://www.urbanoutfitters.com/shop/bdg-polly-flannel-button-down-shirt-001?color=060%26quantity=1%26type=REGULAR,,,,
25466,,https://wornontv.net/149577/,Ani (played by Grace Saif) on 13 Reasons Why on Netflix was spotted wearing this blue striped cowl neck sweater on 13 Reasons Why on episode &amp;#039;&amp;#039; (3x07) in Aug 2019. Ani's Sweater is the Cape Cod Thermal by Free People. ,Ani’s blue striped cowl neck sweater on 13 Reasons Why,,Sweater,Cape Cod Thermal by Free People,https://uploads.wornontv.net/2019/08/Free-People-Cape-Cod-Thermal-Grace-Saif-13-Reasons-Why.jpg,13-reasons-why,There Are a Number of Problems With Clay Jensen,3,07,Grace Saif,Ani,https://uploads.wornontv.net/2019/08/blue-striped-cowl-neck-sweater.jpg,Mainstream,,,,,,WornOnTv,"13 Reasons Why, Ani, Grace Saif, 13 Reasons Why: Season 3 Episode 7, Free People, ",,,,,,,,https://wornontv.net/dottv/assets/products/Free-People-Cape-Cod-Thermal---Nordstrom-149577-842331566965279.jpg,Nordstrom,no longer available,https://shop.nordstrom.com/s/free-people-cape-cod-thermal/5004704,,,,
33322,,https://wornontv.net/69629/,Tony Padilla (played by Christian Navarro) on 13 Reasons Why on Netflix was spotted wearing this button down shirt on 13 Reasons Why on episode &amp;#039;&amp;#039; (1x04) in Apr 2017. Tony's Shirt is the Foundry Shirt by All Saints. ,Tony’s button down shirt on 13 Reasons Why,,Shirt,Foundry Shirt by All Saints,https://uploads.wornontv.net/2017/04/all-saints-foundry-shirt-tony-13rw.jpg,13-reasons-why,"Tape 2, Side B",1,04,Christian Navarro,Tony Padilla,https://uploads.wornontv.net/2017/04/tonys-grey-button-down-shirt.jpg,Mainstream,,,,,,WornOnTv,"13 Reasons Why, Tony Padilla, Christian Navarro, 13 Reasons Why: Season 1 Episode 4, All Saints, mens, ",,,,,,,,https://wornontv.net/dottv/assets/products/Foundry-Shirt-69629-43424.jpg,All Saints,no longer available,https://www.us.allsaints.com/men/sale/mid-season-sale/shirts/style%2Cany/colour%2Cany/size%2Cany/,,,,
25885,,https://wornontv.net/149808/,Ani (played by Grace Saif) on 13 Reasons Why on Netflix was spotted wearing this striped sweater on 13 Reasons Why on episode &amp;#039;&amp;#039; (3x11) in Aug 2019. Ani's Sweater is the Striped Crewneck Sweater by Anthony Thomas Melillo. ,Ani’s striped sweater on 13 Reasons Why,,Sweater,Striped Crewneck Sweater by Anthony Thomas Melillo,https://uploads.wornontv.net/2019/08/ATM-Cashmere-Blend-Striped-Crewneck-Sweater-Grace-Saif-13-Reasons-Why.jpg,13-reasons-why,There Are a Few Things I Haven't Told You,3,11,Grace Saif,Ani,https://uploads.wornontv.net/2019/08/striped-sweater.jpg,Mainstream,,,,,,WornOnTv,"13 Reasons Why, Ani, Grace Saif, 13 Reasons Why: Season 3 Episode 11, ATM Anthony Thomas Melillo, ",,,,,,,,https://wornontv.net/dottv/assets/products/ATM-Anthony-Thomas-Melillo-Cashmere-Blend-Striped-Crewneck-Sweater-149808-843661567124296.jpg,Neiman Marcus,no longer available,https://www.neimanmarcus.com/p/atm-anthony-thomas-melillo-cashmere-blend-striped-crewneck-sweater-prod213220171,,,,
35113,,https://wornontv.net/101272/,Hannah Baker (played by Katherine Langford) on 13 Reasons Why on Netflix was spotted wearing this purple printed tassel top on 13 Reasons Why on episode &amp;#039;&amp;#039; (2x07) in May 2018. Hannah's Top is the Mosaic Print Tank by Lucky Brand. ,Hannah’s purple printed tassel top on 13 Reasons Why,,Top,Mosaic Print Tank by Lucky Brand,https://uploads.wornontv.net/2018/05/Lucky-Brand-Mosaic-Print-Tank-Katherine-Langford-13-Reasons-why.jpg,13-reasons-why,The Third Polaroid,2,07,Katherine Langford,Hannah Baker,https://uploads.wornontv.net/2018/05/purple-printed-tassel-top.jpg,Mainstream,,,,,,WornOnTv,"13 Reasons Why, Hannah Baker, Katherine Langford, 13 Reasons Why: Season 2 Episode 7, Lucky Brand, ",,,,,,,,https://wornontv.net/dottv/assets/products/Mosaic-Print-Tank-by-Lucky-Brand-101272-59515.jpg,Lucky Brand,no longer available,3;url=https://www.gopjn.com/t/8-12463-187416-213681?sid=5620061630,,,,
64867,,https://wornontv.net/69746/,Courtney Crimsen (played by Michele Selene Ang) on 13 Reasons Why on Netflix was spotted wearing this bee print sweater on 13 Reasons Why on episode &amp;#039;&amp;#039; (1x06) in Apr 2017. Courtney's Sweater is the Tippi Sweater in Embellished Bee Print by J.Crew . ,Courtney’s bee print sweater on 13 Reasons Why,,Sweater,Tippi Sweater in Embellished Bee Print by J.Crew,https://uploads.wornontv.net/2017/04/jCrew-Tippi-Sweater-in-Embellished-Bee-Print-courtney-13rw.jpg,13-reasons-why,"Tape 3, Side B",1,06,Michele Selene Ang,Courtney Crimsen,https://uploads.wornontv.net/2017/04/courtneys-bee-print-sweater.jpg,Mainstream,,,,,,WornOnTv,"13 Reasons Why, Courtney Crimsen, Michele Selene Ang, 13 Reasons Why: Season 1 Episode 6, J. Crew, ",,,,,,,,,,,,,,,
11940,,https://wornontv.net/149853/,Ani (played by Grace Saif) on 13 Reasons Why on Netflix was spotted wearing this blue sweater on 13 Reasons Why on episode &amp;#039;&amp;#039; (3x09) in Aug 2019. Ani's Sweater is the Kyra Metallic Crew Neck Sweater by Rag &amp;amp; Bone. ,Ani’s blue sweater on 13 Reasons Why,,Sweater,Kyra Metallic Crew Neck Sweater by Rag & Bone,https://uploads.wornontv.net/2019/08/rag-and-bone-Kyra-Metallic-Crew-Neck-Sweater-Grace-Saif-13-reasons-why.jpg,13-reasons-why,Always Waiting for the Next Bad News,3,09,Grace Saif,Ani,https://uploads.wornontv.net/2019/08/ani-blue-sweater.jpg,Mainstream,,,,,,WornOnTv,"13 Reasons Why, Ani, Grace Saif, 13 Reasons Why: Season 3 Episode 9, Rag &amp; Bone, ",,,,,,,,https://wornontv.net/dottv/assets/products/Kyra-Metallic-Crew-Neck-Sweater-by-Rag-Bone-149853-843921567134747.jpg,Nordstrom Rack,$250,https://www.nordstromrack.com/shop/product/2905286?color=INDIGO,,,,
53003,,https://wornontv.net/101138/,Chloe Rice (played by Anne Winters) on 13 Reasons Why on Netflix was spotted wearing this pink track jacket on 13 Reasons Why on episode &amp;#039;&amp;#039; (2x05) in May 2018. Chloe's Jacket is the T7 Track Jacket by Puma . Chloe's Bag is the Cheerleading Spirit Duffle Bag. ,Chloe’s pink track jacket on 13 Reasons Why,,Jacket,T7 Track Jacket by Puma,https://uploads.wornontv.net/2018/05/Puma-T7-Track-Jacket-Anne-Winters-13-Reasons-why.jpg,13-reasons-why,The Chalk Machine,2,05,Anne Winters,Chloe Rice,https://uploads.wornontv.net/2018/05/pink-puma-track-jacket.jpg,Mainstream,,,,,,WornOnTv,"13 Reasons Why, Chloe Rice, Anne Winters, 13 Reasons Why: Season 2 Episode 5, Cheerleading Company, Puma, ",,,,,,,,https://wornontv.net/dottv/assets/products/Classics-Logo-T7-Track-Jacket-101138-59425.jpg,Zappos,$60,3;url=https://www.anrdoezrs.net/click-7900573-5656663?sid=5620061902,,,,
53003,,https://wornontv.net/101138/,Chloe Rice (played by Anne Winters) on 13 Reasons Why on Netflix was spotted wearing this pink track jacket on 13 Reasons Why on episode &amp;#039;&amp;#039; (2x05) in May 2018. Chloe's Jacket is the T7 Track Jacket by Puma . Chloe's Bag is the Cheerleading Spirit Duffle Bag. ,Chloe’s pink track jacket on 13 Reasons Why,,Bag,Cheerleading Spirit Duffle Bag,https://uploads.wornontv.net/2018/05/Cheerleader-Spirit-Duffle-Bag-with-CHEER-imprint-Anne-Winters-13-Reasons-Why.jpg,13-reasons-why,The Chalk Machine,2,05,Anne Winters,Chloe Rice,https://uploads.wornontv.net/2018/05/pink-puma-track-jacket.jpg,Mainstream,,,,,,WornOnTv,"13 Reasons Why, Chloe Rice, Anne Winters, 13 Reasons Why: Season 2 Episode 5, Cheerleading Company, Puma, ",,,,,,,,https://wornontv.net/dottv/assets/products/Classics-Logo-T7-Track-Jacket-101138-59425.jpg,Zappos,$60,3;url=https://www.anrdoezrs.net/click-7900573-5656663?sid=5620061902,,,,
32910,,https://wornontv.net/149574/,Ani (played by Grace Saif) on 13 Reasons Why on Netflix was spotted wearing this ribbed mock neck sweater on 13 Reasons Why on episode &amp;#039;&amp;#039; (3x07) in Aug 2019. Ani's Sweater is the Ribbed Mock Neck Pullover Sweater by American Eagle. ,Ani’s ribbed mock neck sweater on 13 Reasons Why,,Sweater,Ribbed Mock Neck Pullover Sweater by American Eagle,https://uploads.wornontv.net/2019/08/AE-RIBBED-MOCK-NECK-PULLOVER-SWEATER-Grace-Saif-13-Reasons-Why.jpg,13-reasons-why,There Are a Number of Problems With Clay Jensen,3,07,Grace Saif,Ani,https://uploads.wornontv.net/2019/08/ribbed-mock-neck-sweater.jpg,Mainstream,,,,,,WornOnTv,"13 Reasons Why, Ani, Grace Saif, 13 Reasons Why: Season 3 Episode 7, 13 Reasons Why: Season 3 Episode 8, American Eagle, ",,,,,,,,https://wornontv.net/dottv/assets/products/Ribbed-Mock-Neck-Pullover-Sweater-by-American-Eagle-149574-842321566965136.jpg,American Eagle,$34.95,3;url=https://www.dpbolvw.net/click-2178999-12102701?sid=5620062012,,,,
33544,,https://wornontv.net/188316/,Ani (played by Grace Saif) on 13 Reasons Why on Netflix was spotted wearing this denim stripe jumpsuit on 13 Reasons Why on episode &amp;#039;&amp;#039; (4x09) in Jun 2020. Ani's Jumpsuit is the Denim Culotte Jumpsuit by 7 For All Mankind. ,Ani’s denim stripe jumpsuit on 13 Reasons Why,,Jumpsuit,Denim Culotte Jumpsuit by 7 For All Mankind,https://uploads.wornontv.net/2020/06/7forallmankind-Denim-Culotte-Jumpsuit-Grace-Saif-13-Reasons-Why.jpg,13-reasons-why,Prom,4,09,Grace Saif,Ani,https://uploads.wornontv.net/2020/06/ani-blue-stripe-button-jumpsuit.jpg,Mainstream,,,,,,WornOnTv,"13 Reasons Why, Ani, Grace Saif, 13 Reasons Why: Season 4 Episode 9, 7 for All Mankind, ",,,,,,,,https://wornontv.net/dottv/assets/products/Denim Culotte Jumpsuit-188316-1056481591760880.jpg,Nordstrom,no longer available,https://shop.nordstrom.com/s/7-for-all-mankind-denim-culotte-jumpsuit/4577241,,,,
68214,,https://wornontv.net/69604/,Courtney Crimsen (played by Michele Selene Ang) on 13 Reasons Why on Netflix was spotted wearing this burgundy leather hoodie and patterned skirt on 13 Reasons Why on episode &amp;#039;&amp;#039; (1x03) in Apr 2017. Courtney's Skirt is the Patterned Skirt in Light Beige / Patterned by H&amp;M . ,Courtney’s burgundy leather hoodie and patterned skirt on 13 Reasons Why,,Skirt,Patterned Skirt in Light Beige / Patterned by H&M,https://uploads.wornontv.net/2017/04/HM-Patterned-Skirt-in-Light-Beige-patterned-courtney-13rw.jpg,13-reasons-why,"Tape 2, Side A",1,03,Michele Selene Ang,Courtney Crimsen,https://uploads.wornontv.net/2017/04/courtneys-patterned-skirt-leather-jacket.jpg,Mainstream,,,,,,WornOnTv,"13 Reasons Why, Courtney Crimsen, Michele Selene Ang, 13 Reasons Why: Season 1 Episode 3, H&amp;M, ",,,,,,,,https://wornontv.net/dottv/assets/products/Patterned-Skirt-68787-42981.jpg,H&M,$34.99,,,,,
62070,,https://wornontv.net/149405/,Courtney Crimsen (played by Michele Selene Ang) on 13 Reasons Why on Netflix was spotted wearing this black and white floral shorts on 13 Reasons Why on episode &amp;#039;&amp;#039; (3x04) in Aug 2019. Courtney's Shorts is the Macrame Floral Shorts by Alice + Olivia. ,Courtney’s black and white floral shorts on 13 Reasons Why,,Shorts,Macrame Floral Shorts by Alice + Olivia,https://uploads.wornontv.net/2019/08/Alice-and-Olivia-macrame-floral-Shorts-Michele-Selene-Ang-13-Reasons-Why.jpg,13-reasons-why,"Angry, Young and Man",3,04,Michele Selene Ang,Courtney Crimsen,https://uploads.wornontv.net/2019/08/white-and-black-floral-shorts.jpg,Mainstream,,,,,,WornOnTv,"13 Reasons Why, Courtney Crimsen, Michele Selene Ang, 13 Reasons Why: Season 3 Episode 4, Alice + Olivia, ",,,,,,,,,,,,,,,
24091,,https://wornontv.net/149798/,Nora Walker (played by Brenda Strong) on 13 Reasons Why on Netflix was spotted wearing this teal jacket on 13 Reasons Why on episode &amp;#039;&amp;#039; (3x11) in Aug 2019. Nora's Jacket is the Define Jacket by Lululemon in Nocturnal Teal. ,Nora’s teal jacket on 13 Reasons Why,,Jacket,Define Jacket by Lululemon in Nocturnal Teal,https://uploads.wornontv.net/2019/08/Lululemon-Define-Jacket-Brenda-Strong-13-Reasons-Why.jpg,13-reasons-why,There Are a Few Things I Haven't Told You,3,11,Brenda Strong,Nora Walker,https://uploads.wornontv.net/2019/08/teal-define-jacket.jpg,Mainstream,,,,,,WornOnTv,"13 Reasons Why, Nora Walker, Brenda Strong, 13 Reasons Why: Season 3 Episode 11, Lululemon, ",,,,,,,,https://wornontv.net/dottv/assets/products/Define-Jacket-by-Lululemon-in-Nocturnal-Teal-149798-843621567123479.jpg,Lululemon,no longer available,,,,,
20185,,https://wornontv.net/101174/,Jessica Davis (played by Alisha Boe) on 13 Reasons Why on Netflix was spotted wearing this mixed print bomber jacket and pink flamingo top on 13 Reasons Why on episode &amp;#039;&amp;#039; (2x06) in May 2018. Jessica's Top is the Flamingo Hi-Lo Tank Top by Lucky Brand . Jessica's Jacket is the Harrison Jacket by BCBGMAXAZRIA. ,Jessica’s mixed print bomber jacket and pink flamingo top on 13 Reasons Why,,Top,Flamingo Hi-Lo Tank Top by Lucky Brand,https://uploads.wornontv.net/2018/05/Lucky-Brand-Flamingo-Hi-Lo-Tank-Top-Alisha-Boe-13-Reasons-Why.jpg,13-reasons-why,The Smile at the End of the Dock,2,06,Alisha Boe,Jessica Davis,https://uploads.wornontv.net/2018/05/mixed-print-bomber-jacket.jpg,Mainstream,,,,,,WornOnTv,"13 Reasons Why, Jessica Davis, Alisha Boe, 13 Reasons Why: Season 2 Episode 6, Bcbgmaxazria, Lucky Brand, ",,,,,,,,https://wornontv.net/dottv/assets/products/Flamingo-Hi-Lo-Tank-Top-101174-59442.jpg,Nordstrom Rack,$39.50,https://www.nordstromrack.com/shop/product/2452444/lucky-brand-flamingo-hi-lo-tank-top?color=HEATHER%2520GR%26sid=545655%26aid=20648%26mid=2333444038,,,,
20185,,https://wornontv.net/101174/,Jessica Davis (played by Alisha Boe) on 13 Reasons Why on Netflix was spotted wearing this mixed print bomber jacket and pink flamingo top on 13 Reasons Why on episode &amp;#039;&amp;#039; (2x06) in May 2018. Jessica's Top is the Flamingo Hi-Lo Tank Top by Lucky Brand . Jessica's Jacket is the Harrison Jacket by BCBGMAXAZRIA. ,Jessica’s mixed print bomber jacket and pink flamingo top on 13 Reasons Why,,Jacket,Harrison Jacket by BCBGMAXAZRIA,https://uploads.wornontv.net/2018/05/BCBGMaxzria-Harrison-Abstract-Print-Bomber-Jacket-Alisha-Boe-13-Reasons-Why.jpg,13-reasons-why,The Smile at the End of the Dock,2,06,Alisha Boe,Jessica Davis,https://uploads.wornontv.net/2018/05/mixed-print-bomber-jacket.jpg,Mainstream,,,,,,WornOnTv,"13 Reasons Why, Jessica Davis, Alisha Boe, 13 Reasons Why: Season 2 Episode 6, Bcbgmaxazria, Lucky Brand, ",,,,,,,,https://wornontv.net/dottv/assets/products/Flamingo-Hi-Lo-Tank-Top-101174-59442.jpg,Nordstrom Rack,$39.50,https://www.nordstromrack.com/shop/product/2452444/lucky-brand-flamingo-hi-lo-tank-top?color=HEATHER%2520GR%26sid=545655%26aid=20648%26mid=2333444038,,,,
67360,,https://wornontv.net/69422/,Jessica Davis (played by Alisha Boe) on 13 Reasons Why on Netflix was spotted wearing this anchor print tee on 13 Reasons Why on episode &amp;#039;&amp;#039; (1x02) in Apr 2017. Jessica's Top is the Anchor Print Graphic Tee by Forever 21. ,Jessica’s anchor print tee on 13 Reasons Why,,Top,Anchor Print Graphic Tee by Forever 21,https://uploads.wornontv.net/2017/04/forever-21-Anchor-Print-Graphic-Tee-jessica-13rw.jpg,13-reasons-why,"Tape 1, Side B",1,02,Alisha Boe,Jessica Davis,https://uploads.wornontv.net/2017/04/jessicas-anchor-print-tee.jpg,Mainstream,,,,,,WornOnTv,"13 Reasons Why, Jessica Davis, Alisha Boe, 13 Reasons Why: Season 1 Episode 2, Forever 21, ",,,,,,,,https://wornontv.net/dottv/assets/products/Anchor-print-tee-69422-43315.jpg,Forever 21,no longer available,,,,,
58996,,https://wornontv.net/188336/,Jessica Davis (played by Alisha Boe) on 13 Reasons Why on Netflix was spotted wearing this black lace trim cami on 13 Reasons Why on episode &amp;#039;&amp;#039; (4x10) in Jun 2020. Jessica's Top is the The Racer Top by Cami NYC. ,Jessica’s black lace trim cami on 13 Reasons Why,,Top,The Racer Top by Cami NYC,https://uploads.wornontv.net/2020/06/Cami-NYC-Racer-Silk-Charmeuse-Camisole-Jessica-13-Reasons-Why.jpg,13-reasons-why,Graduation,4,10,Alisha Boe,Jessica Davis,https://uploads.wornontv.net/2020/06/black-lace-trim-camisole.jpg,Mainstream,,,,,,WornOnTv,"13 Reasons Why, Jessica Davis, Alisha Boe, 13 Reasons Why: Season 4 Episode 10, Cami NYC, ",,,,,,,,https://wornontv.net/dottv/assets/products/The-Racer-lace-trimmed-silk-charmeuse-camisole-188336-1056591591765541.jpg,Net A Porter,$160,https://www.net-a-porter.com/en-us/shop/product/cami-nyc/the-racer-lace-trimmed-silk-charmeuse-camisole/1154475,,,,
28207,,https://wornontv.net/149384/,Zach Dempsey (played by Ross Butler) on 13 Reasons Why on Netflix was spotted wearing this white printed tee on 13 Reasons Why on episode &amp;#039;&amp;#039; (3x04) in Aug 2019. Zach's Shirt is the Natural Big Bend Sunset T-shirt by Parks Project. ,Zach’s white printed tee on 13 Reasons Why,,Shirt,Natural Big Bend Sunset T-shirt by Parks Project,https://uploads.wornontv.net/2019/08/Parks-Project-bgbend-Sunset-T-Shirt-Ross-Butler-13-reasons-why.jpg,13-reasons-why,"Angry, Young and Man",3,04,Ross Butler,Zach Dempsey,https://uploads.wornontv.net/2019/08/zach-white-printed-tee.jpg,Mainstream,,,,,,WornOnTv,"13 Reasons Why, Zach Dempsey, Ross Butler, 13 Reasons Why: Season 3 Episode 4, mens, Parks Project, ",,,,,,,,https://wornontv.net/dottv/assets/products/Natural-Big-Bend-Sunset-T-shirt-by-Parks-Project-149384-841301566869679.jpg,Backcountry,no longer available,,,,,
50611,,https://wornontv.net/101046/,Jessica Davis (played by Alisha Boe) on 13 Reasons Why on Netflix was spotted wearing this satin floral embroidered bomber jacket on 13 Reasons Why on episode &amp;#039;&amp;#039; (2x03) in May 2018. Jessica's Jacket is the Stays On Tour Navy Satin Bomber Jacket by Silence + Noise at Urban Outfitters. ,Jessica’s satin floral embroidered bomber jacket on 13 Reasons Why,,Jacket,Stays On Tour Navy Satin Bomber Jacket by Silence + Noise at Urban Outfitters,https://uploads.wornontv.net/2018/05/Silence-Noise-On-Tour-Satin-Varsity-Bomber-Jacket-Alisha-Boe-13-reasons-why-1.jpg,13-reasons-why,The Drunk Slut,2,03,Alisha Boe,Jessica Davis,https://uploads.wornontv.net/2018/05/floral-embroidered-bomber-jacket.jpg,Mainstream,,,,,,WornOnTv,"13 Reasons Why, Jessica Davis, Alisha Boe, 13 Reasons Why: Season 2 Episode 3, Silence + Noise, ",,,,,,,,https://wornontv.net/dottv/assets/products/Stays-On-Tour-Navy-Satin-Bomber-Jacket-by-Silence--2B-Noise-at-Urban-Outfitters-101046-59379.jpg,Urban Outfitters,no longer available,https://www.urbanoutfitters.com/en-gb/shop/silence--noise-stays-on-tour-navy-satin-bomber-jacket?color=041,,,,
23264,,https://wornontv.net/70012/,Hannah Baker (played by Katherine Langford) on 13 Reasons Why on Netflix was spotted wearing this navy lace dress on 13 Reasons Why on episode &amp;#039;&amp;#039; (1x11) in Apr 2017. Hannah's Dress is the Rihanna Dress in Oilslick by BB Dakota . ,Hannah’s navy lace dress on 13 Reasons Why,,Dress,Rihanna Dress in Oilslick by BB Dakota,https://uploads.wornontv.net/2017/04/BB-Dakota-Rihanna-Dress-hannah-13rw.jpg,13-reasons-why,"Tape 6, Side A",1,11,Katherine Langford,Hannah Baker,https://uploads.wornontv.net/2017/04/hannahs-navy-lace-dress.jpg,Mainstream,,,,,,WornOnTv,"13 Reasons Why, Hannah Baker, Katherine Langford, 13 Reasons Why: Season 1 Episode 11, BB Dakota, ",,,,,,,,https://wornontv.net/dottv/assets/products/BB-Dakota--Rhianna--Illusion-Yoke-Lace-Fit---Flare-Dress--Nordstrom-Exclusive-70012-43636.jpg,Nordstrom,$98,http://shop.nordstrom.com/s/bb-dakota-rhianna-illusion-yoke-lace-fit-flare-dress-nordstrom-exclusive/3813098?fashioncolor=OILSLICK,,,,
54333,,https://wornontv.net/149571/,Ani (played by Grace Saif) on 13 Reasons Why on Netflix was spotted wearing this striped short sleeve sweater on 13 Reasons Why on episode &amp;#039;&amp;#039; (3x07) in Aug 2019. Ani's Sweater is the Ellis V-neck Short-Sleeve Sweater by Urban Outfitters. ,Ani’s striped short sleeve sweater on 13 Reasons Why,,Sweater,Ellis V-neck Short-Sleeve Sweater by Urban Outfitters,https://uploads.wornontv.net/2019/08/Urban-Outfitters-Ellis-V-Neck-Short-Sleeve-Sweater-Grace-Saif-13-Reasons-Why.jpg,13-reasons-why,There Are a Number of Problems With Clay Jensen,3,07,Grace Saif,Ani,https://uploads.wornontv.net/2019/08/striped-ribbed-short-sleeve-sweater.jpg,Mainstream,,,,,,WornOnTv,"13 Reasons Why, Ani, Grace Saif, 13 Reasons Why: Season 3 Episode 7, Urban Outfitters, ",,,,,,,,https://wornontv.net/dottv/assets/products/Ellis-V-neck-Short-Sleeve-Sweater-by-Urban-Outfitters-149571-842311566964923.jpg,Urban Outfitters,no longer available,https://www.urbanoutfitters.com/en-us/shop/uo-ellis-v-neck-short-sleeve-sweater,,,,
25704,,https://wornontv.net/149328/,Jessica Davis (played by Alisha Boe) on 13 Reasons Why on Netflix was spotted wearing this suede colorblock jacket on 13 Reasons Why on episode &amp;#039;&amp;#039; (3x03) in Aug 2019. Jessica's Jacket is the Suede Parrot Jacket by Urban Outfitters. ,Jessica’s suede colorblock jacket on 13 Reasons Why,,Jacket,Suede Parrot Jacket by Urban Outfitters,https://uploads.wornontv.net/2019/08/Urban-Outfitters-Suede-Parrot-Jacket-Alisha-Boe-13-Reasons-Why.jpg,13-reasons-why,The Good Person Is Indistinguishable from the Bad,3,03,Alisha Boe,Jessica Davis,https://uploads.wornontv.net/2019/08/suede-jacket.jpg,Mainstream,,,,,,WornOnTv,"13 Reasons Why, Jessica Davis, Alisha Boe, 13 Reasons Why: Season 3 Episode 3, Urban Outfitters, ",,,,,,,,https://wornontv.net/dottv/assets/products/Suede-Parrot-Jacket-149328-841021566614873.jpg,Urban Outfitters,no longer available,https://www.urbanoutfitters.com/shop/uo-suede-parrot-jacket,,,,
70952,,https://wornontv.net/69598/,Hannah Baker (played by Katherine Langford) on 13 Reasons Why on Netflix was spotted wearing this white floral dress on 13 Reasons Why on episode &amp;#039;&amp;#039; (1x01) in Apr 2017. Hannah's Dress is the Patterned Dress with Lacing by H&amp;M . ,Hannah’s white floral dress on 13 Reasons Why,,Dress,Patterned Dress with Lacing by H&M (Thanks Sarah!),https://uploads.wornontv.net/2017/04/hm-Patterned-Dress-with-Lacing-hannah-13rw.jpg,13-reasons-why,"Tape 1, Side A",1,01,Katherine Langford,Hannah Baker,https://uploads.wornontv.net/2017/04/hannahs-white-floral-dress.jpg,Mainstream,,,,,,WornOnTv,"13 Reasons Why, Hannah Baker, Katherine Langford, 13 Reasons Why: Season 1 Episode 1, H&amp;M, ",,,,,,,,https://wornontv.net/dottv/assets/products/Patterned-Dress-with-Lacing-white-69598-43407.jpg,H&M,$24.99,,,,,
30395,,https://wornontv.net/149583/,Ani (played by Grace Saif) on 13 Reasons Why on Netflix was spotted wearing this blue check tie shirtdress on 13 Reasons Why on episode &amp;#039;&amp;#039; (3x07) in Aug 2019. Ani's Dress is the Ani Dress by Sanctuary. ,Ani’s blue check tie shirtdress on 13 Reasons Why,,Dress,Ani Dress by Sanctuary,https://uploads.wornontv.net/2019/08/Sanctuary-Blue-Ani-Plaid-Tie-Front-Western-Inspired-Mini-Shirt-Dress-Grace-Saif-13-Reasons-Why.jpg,13-reasons-why,There Are a Number of Problems With Clay Jensen,3,07,Grace Saif,Ani,https://uploads.wornontv.net/2019/08/blue-check-tie-front-shirtdress.jpg,Mainstream,,,,,,WornOnTv,"13 Reasons Why, Ani, Grace Saif, 13 Reasons Why: Season 3 Episode 7, Sanctuary, ",,,,,,,,https://wornontv.net/dottv/assets/products/Ani-Dress-149583-842381566966251.jpg,Sanctuary,no longer available,,https://wornontv.net/dottv/assets/products/Sanctuary-Ani-Dress-in-Rebel-Plaid-from-Revolve-com-149583-842391566966282.jpg,Revolve,$139,3;url=https://www.jdoqocy.com/click-7900573-11017645?sid=5620077478
60759,,https://wornontv.net/188156/,Jessica Davis (played by Alisha Boe) on 13 Reasons Why on Netflix was spotted wearing this blue herringbone shirt on 13 Reasons Why on episode &amp;#039;&amp;#039; (4x03) in Jun 2020. Jessica's Top is the Dillon Classic Fit Herringbone Shirt by Banana Republic. ,Jessica’s blue herringbone shirt on 13 Reasons Why,,Top,Dillon Classic Fit Herringbone Shirt by Banana Republic,https://uploads.wornontv.net/2020/06/Banana-Republic-dillon-classic-fit-herringbone-shirt-Jessica-13-Reasons-Why.jpg,13-reasons-why,Valentine's Day,4,03,Alisha Boe,Jessica Davis,https://uploads.wornontv.net/2020/06/jessica-blue-herringbone-shirt.jpg,Mainstream,,,,,,WornOnTv,"13 Reasons Why, Jessica Davis, Alisha Boe, 13 Reasons Why: Season 4 Episode 3, Banana Republic, ",,,,,,,,https://wornontv.net/dottv/assets/products/Dillon-Classic-Fit-Herringbone-Shirt-by-Banana-Republic-188156-1055781591658350.jpg,Banana Republic,no longer available,3;url=https://shopstyle.evyy.net/c/57486/383276/5554?u=https://bananarepublic.gap.com/browse/category.do?cid=5037%26nav=meganav%253AWomen%253Aapparel%253ATops%2520%2526%2520Blouses,,,,
21158,,https://wornontv.net/188301/,Jessica Davis (played by Alisha Boe) on 13 Reasons Why on Netflix was spotted wearing this grey suede moto jacket on 13 Reasons Why on episode &amp;#039;&amp;#039; (4x07) in Jun 2020. Jessica's Jacket is the Expressway Moto Jacket by Anthropologie. ,Jessica’s grey suede moto jacket on 13 Reasons Why,,Jacket,Expressway Moto Jacket by Anthropologie,https://uploads.wornontv.net/2020/06/Anthropologie-Expressway-Moto-Jacket-Alisha-Boe-13-reasons-why.jpg,13-reasons-why,College Interview,4,07,Alisha Boe,Jessica Davis,https://uploads.wornontv.net/2020/06/jessica-grey-suede-open-moto-jacket.jpg,Mainstream,,,,,,WornOnTv,"13 Reasons Why, Jessica Davis, Alisha Boe, 13 Reasons Why: Season 4 Episode 7, Anthropologie, ",,,,,,,,https://wornontv.net/dottv/assets/products/Expressway-Moto-Jacket-by-Anthropologie-188301-1056411591759175.jpg,Anthropologie,no longer available,https://www.anthropologie.com/shop/expressway-moto-jacket,,,,
39016,,https://wornontv.net/149832/,Jessica Davis (played by Alisha Boe) on 13 Reasons Why on Netflix was spotted wearing this black denim shearling jacket on 13 Reasons Why on episode &amp;#039;&amp;#039; (3x13) in Aug 2019. Jessica's Jacket is the Denim Shrunken Jacket with Fleece Collar by ASOS. ,Jessica’s black denim shearling jacket on 13 Reasons Why,,Jacket,Denim Shrunken Jacket with Fleece Collar by ASOS,https://uploads.wornontv.net/2019/08/Asos-denim-shrunken-jacket-with-fleece-collar-in-washed-black-Alisha-Boe-13-REasons-Why-1.jpg,13-reasons-why,Let the Dead Bury the Dead,3,13,Alisha Boe,Jessica Davis,https://uploads.wornontv.net/2019/08/black-denim-shearling-trim-jacket.jpg,Mainstream,,,,,,WornOnTv,"13 Reasons Why, Jessica Davis, Alisha Boe, 13 Reasons Why: Season 3 Episode 10, 13 Reasons Why: Season 3 Episode 13, ASOS, ",,,,,,,,https://wornontv.net/dottv/assets/products/ASOS-DESIGN-denim-shrunken-jacket-with-fleece-collar-in-washed-black---ASOS-149832-843781567126305.jpg,Asos,$64,3;url=https://shopstyle.evyy.net/c/57486/755404/10982?u=https://us.asos.com/asos-design/asos-design-denim-shrunken-jacket-with-fleece-collar-in-washed-black/prd/9501436,,,,
89121,,https://wornontv.net/149331/,Ani (played by Grace Saif) on 13 Reasons Why on Netflix was spotted wearing this denim colorblock dress on 13 Reasons Why on episode &amp;#039;&amp;#039; (3x03) in Aug 2019. Ani's Dress is the Morfee London Colorblock Denim A-Line Dress by Ted Baker. ,Ani’s denim colorblock dress on 13 Reasons Why,,Dress,Morfee London Colorblock Denim A-Line Dress by Ted Baker,https://uploads.wornontv.net/2019/08/Ted-Baker-Morfee-London-Colorblock-Denim-A-Line-Dress-Grace-Saif-13-Reasons-Why.jpg,13-reasons-why,The Good Person Is Indistinguishable from the Bad,3,03,Grace Saif,Ani,https://uploads.wornontv.net/2019/08/colorblock-denim-dress.jpg,Mainstream,,,,,,WornOnTv,"13 Reasons Why, Ani, Grace Saif, 13 Reasons Why: Season 3 Episode 3, Ted Baker, ",,,,,,,,https://wornontv.net/dottv/assets/products/Ted-Baker-Morfee-London-Colorblock-Denim-A-Line-Dress---Nordstrom-149331-841031566614971.jpg,Nordstrom,no longer available,https://shop.nordstrom.com/s/ted-baker-morfee-london-colorblock-denim-a-line-dress/4738714,,,,
60065,,https://wornontv.net/101651/,Nina Jones (played by Samantha Logan) on 13 Reasons Why on Netflix was spotted wearing this daisy patch denim jacket on 13 Reasons Why on episode &amp;#039;&amp;#039; (2x13) in May 2018. Nina's Jacket is the Daisy Patched Denim Jacket by Forever 21. ,Nina’s daisy patch denim jacket on 13 Reasons Why,,Jacket,Daisy Patched Denim Jacket by Forever 21,https://uploads.wornontv.net/2018/05/Forever-21-Daisy-Patch-Denim-Jacket-Samantha-Logan-13-Reasons-Why.jpg,13-reasons-why,Bye,2,13,Samantha Logan,Nina Jones,https://uploads.wornontv.net/2018/05/daisy-patch-denim-jacket.jpg,Mainstream,,,,,,WornOnTv,"13 Reasons Why, Nina Jones, Samantha Logan, 13 Reasons Why: Season 2 Episode 13, Forever 21, ",,,,,,,,https://wornontv.net/dottv/assets/products/Daisy-Patched-Denim-Jacket-101651-59709.jpg,Forever 21,no longer available,,,,,
19860,,https://wornontv.net/69887/,Courtney Crimsen (played by Michele Selene Ang) on 13 Reasons Why on Netflix was spotted wearing this cherry print cardigan on 13 Reasons Why on episode &amp;#039;&amp;#039; (1x07) in Apr 2017. Courtney's Sweater is the Perl Cheerful Cherry Cardigan by Ted Baker . ,Courtney’s cherry print cardigan on 13 Reasons Why,,Sweater,Perl Cheerful Cherry Cardigan by Ted Baker,https://uploads.wornontv.net/2017/04/Ted-Baker-Perl-Cheerful-Cherry-Cardigan-courtney-13rw.jpg,13-reasons-why,"Tape 4, Side A",1,07,Michele Selene Ang,Courtney Crimsen,https://uploads.wornontv.net/2017/04/courtneys-cherry-print-cardigan.jpg,Mainstream,,,,,,WornOnTv,"13 Reasons Why, Courtney Crimsen, Michele Selene Ang, 13 Reasons Why: Season 1 Episode 7, Ted Baker, ",,,,,,,,,,,,,,,
71980,,https://wornontv.net/149673/,Jessica Davis (played by Alisha Boe) on 13 Reasons Why on Netflix was spotted wearing this striped sweater on 13 Reasons Why on episode &amp;#039;&amp;#039; (3x09) in Aug 2019. Jessica's Sweater is the Angele Striped Pointelle Sweater Tee by Urban Outfitters. ,Jessica’s striped sweater on 13 Reasons Why,,Sweater,Angele Striped Pointelle Sweater Tee by Urban Outfitters,https://uploads.wornontv.net/2019/08/UO-Angele-Striped-Pointelle-Sweater-Tee-Alisha-Boe-13-reasons-why.jpg,13-reasons-why,Always Waiting for the Next Bad News,3,09,Alisha Boe,Jessica Davis,https://uploads.wornontv.net/2019/08/Jessica-striped-sweater.jpg,Mainstream,,,,,,WornOnTv,"13 Reasons Why, Jessica Davis, Alisha Boe, 13 Reasons Why: Season 3 Episode 9, Urban Outfitters, ",,,,,,,,https://wornontv.net/dottv/assets/products/Angele-Striped-Pointelle-Sweater-Tee-by-Urban-Outfitters-149673-842901567042241.jpg,Urban Outfitters,no longer available,https://www.urbanoutfitters.com/shop/uo-angele-striped-pointelle-sweater-tee,https://wornontv.net/dottv/assets/products/Padded-Bomber-Jacket-149673-842911567042314.jpg,Forever 21,$34.90,
50818,,https://wornontv.net/188285/,Jessica Davis (played by Alisha Boe) on 13 Reasons Why on Netflix was spotted wearing this burgundy leather moto jacket on 13 Reasons Why on episode &amp;#039;&amp;#039; (4x08) in Jun 2020. Jessica's Jacket is the Mya Cropped Biker Jacket by LTH JKT. ,Jessica’s burgundy leather moto jacket on 13 Reasons Why,,Jacket,Mya Cropped Biker Jacket by LTH JKT,https://uploads.wornontv.net/2020/06/LTH-JKT-Mya-Cropped-Biker-Jacket-Alisha-Boe-13-Reasons-Why.jpg,13-reasons-why,Acceptance/Rejection,4,08,Alisha Boe,Jessica Davis,https://uploads.wornontv.net/2020/06/jessica-burgundy-leather-jacket.jpg,Mainstream,,,,,,WornOnTv,"13 Reasons Why, Jessica Davis, Alisha Boe, 13 Reasons Why: Season 4 Episode 8, LTH JKT, ",,,,,,,,https://wornontv.net/dottv/assets/products/LTH-JKT-Mya-Cropped-Biker-Jacket-in-Amaranth-from-Revolve-com-188285-1056351591756396.jpg,Revolve,no longer available,3;url=https://www.anrdoezrs.net/click-7900573-11017645?sid=5620089896,https://wornontv.net/dottv/assets/products/Parker---Cooper-Faux-Leather-Moto-Jacket-188285-1056361591756567.jpg,Saks Fifth Avenue,$388,https://www.saksfifthavenue.com/product/show?pid=0400011784499
29142,,https://wornontv.net/70009/,Alex Standall (played by Miles Heizer) on 13 Reasons Why on Netflix was spotted wearing this pink polo shirt on 13 Reasons Why on episode &amp;#039;&amp;#039; (1x10) in Apr 2017. Alex's Shirt is the Skylaar Polo Shirt in Pink by Ted Baker. ,Alex’s pink polo shirt on 13 Reasons Why,,Shirt,Skylaar Polo Shirt in Pink by Ted Baker,https://uploads.wornontv.net/2017/04/ted-baker-skylaar-polo-alex-13r2w.jpg,13-reasons-why,"Tape 5, Side B",1,10,Miles Heizer,Alex Standall,https://uploads.wornontv.net/2017/04/alex-pink-polo.jpg,Mainstream,,,,,,WornOnTv,"13 Reasons Why, Alex Standall, Miles Heizer, 13 Reasons Why: Season 1 Episode 10, mens, Ted Baker, ",,,,,,,,https://wornontv.net/dottv/assets/products/Ted-Baker-London--Skylaar--Short-Sleeve-Woven-Polo-70009-43635.jpg,Nordstrom,$125,http://shop.nordstrom.com/s/ted-baker-london-skylaar-short-sleeve-woven-polo/3914152,,,,
87904,,https://wornontv.net/149580/,Ani (played by Grace Saif) on 13 Reasons Why on Netflix was spotted wearing this suede moto jacket on 13 Reasons Why on episode &amp;#039;&amp;#039; (3x07) in Aug 2019. Ani's Jacket is the Suede Moto Jacket by BlankNYC. ,Ani’s suede moto jacket on 13 Reasons Why,,Jacket,Suede Moto Jacket by BlankNYC,https://uploads.wornontv.net/2019/08/BlankNYC-Suede-Moto-Jacket-Grace-Saif-13-Reasons-Why.jpg,13-reasons-why,There Are a Number of Problems With Clay Jensen,3,07,Grace Saif,Ani,https://uploads.wornontv.net/2019/08/brown-suede-moto-jacket.jpg,Mainstream,,,,,,WornOnTv,"13 Reasons Why, Ani, Grace Saif, 13 Reasons Why: Season 3 Episode 7, Blank NYC, ",,,,,,,,https://wornontv.net/dottv/assets/products/Blank-NYC-Suede-Moto-Jacket-149580-842371566965871.jpg,Zappos,$159.99,3;url=https://www.tkqlhce.com/click-7900573-5656663?sid=5620090477,https://wornontv.net/dottv/assets/products/BLANKNYC-Next-Level-Suede-Moto-Jacket--Regular--amp--Plus-Size----Nordstrom-149580-842351566965552.jpg,Nordstrom,$188,https://shop.nordstrom.com/s/blanknyc-next-level-suede-moto-jacket-regular-plus-size/5270860
89919,,https://wornontv.net/188153/,Ani (played by Grace Saif) on 13 Reasons Why on Netflix was spotted wearing this green overalls on 13 Reasons Why on episode &amp;#039;&amp;#039; (4x03) in Jun 2020. Ani's Overalls is the Asha Bib-Front Utility Overalls by Antropologie . Ani's Jacket is the Cropped Edison Cashmere Bomber by Zoe Jordan. ,Ani’s green overalls on 13 Reasons Why,,Overalls,Asha Bib-Front Utility Overalls by Antropologie,https://uploads.wornontv.net/2020/06/anthropology-Asha-Bib-Front-Utility-Overalls-Ali-13-reasons-why.jpg,13-reasons-why,Valentine's Day,4,03,Grace Saif,Ani,https://uploads.wornontv.net/2020/06/ali-green-overalls.jpg,Mainstream,,,,,,WornOnTv,"13 Reasons Why, Ani, Grace Saif, 13 Reasons Why: Season 4 Episode 3, Anthropologie, Zoe Jordan, ",,,,,,,,https://wornontv.net/dottv/assets/products/Asha-Bib-Front-Utility-Overalls-188153-1055761591657917.jpg,Anthropologie,no longer available,https://www.anthropologie.com/shop/asha-bib-front-utility-overalls,,,,
89919,,https://wornontv.net/188153/,Ani (played by Grace Saif) on 13 Reasons Why on Netflix was spotted wearing this green overalls on 13 Reasons Why on episode &amp;#039;&amp;#039; (4x03) in Jun 2020. Ani's Overalls is the Asha Bib-Front Utility Overalls by Antropologie . Ani's Jacket is the Cropped Edison Cashmere Bomber by Zoe Jordan. ,Ani’s green overalls on 13 Reasons Why,,Jacket,Cropped Edison Cashmere Bomber by Zoe Jordan,https://uploads.wornontv.net/2020/06/Zoe-Jordan-Cropped-eddison-cashmere-bomber-jacket-ani-13-reasons-why.jpg,13-reasons-why,Valentine's Day,4,03,Grace Saif,Ani,https://uploads.wornontv.net/2020/06/ali-green-overalls.jpg,Mainstream,,,,,,WornOnTv,"13 Reasons Why, Ani, Grace Saif, 13 Reasons Why: Season 4 Episode 3, Anthropologie, Zoe Jordan, ",,,,,,,,https://wornontv.net/dottv/assets/products/Asha-Bib-Front-Utility-Overalls-188153-1055761591657917.jpg,Anthropologie,no longer available,https://www.anthropologie.com/shop/asha-bib-front-utility-overalls,,,,
21860,,https://wornontv.net/69613/,Courtney Crimsen (played by Michele Selene Ang) on 13 Reasons Why on Netflix was spotted wearing this grey sleeveless sweater with striped trim on 13 Reasons Why on episode &amp;#039;&amp;#039; (1x04) in Apr 2017. Courtney's Top is the Blaire Sweater Vest by BDG at Urban Outfitters. ,Courtney’s grey sleeveless sweater with striped trim on 13 Reasons Why,,Top,Blaire Sweater Vest by BDG at Urban Outfitters,https://uploads.wornontv.net/2017/04/BDG-Blaire-Sweater-Vest-courtney-13rw.jpg,13-reasons-why,"Tape 2, Side B",1,04,Michele Selene Ang,Courtney Crimsen,https://uploads.wornontv.net/2017/04/courtney-grey-vneck-sleeveless-sweater-stripe-trim.jpg,Mainstream,,,,,,WornOnTv,"13 Reasons Why, Courtney Crimsen, Michele Selene Ang, 13 Reasons Why: Season 1 Episode 4, Urban Outfitters, ",,,,,,,,https://wornontv.net/dottv/assets/products/BDG-Blaire-Sweater-Vest-69613-43414.jpg,Urban Outfitters,no longer available,https://www.urbanoutfitters.com/search?q=sweater%2Bvest,,,,
85358,,https://wornontv.net/188313/,Jessica Davis (played by Alisha Boe) on 13 Reasons Why on Netflix was spotted wearing this black lace trim cami on 13 Reasons Why on episode &amp;#039;&amp;#039; (4x09) in Jun 2020. Jessica's Top is the Christy Silk Camisole Top by Zadig and Voltaire. ,Jessica’s black lace trim cami on 13 Reasons Why,,Top,Christy Silk Camisole Top by Zadig and Voltaire,https://uploads.wornontv.net/2020/06/Zadig-and-voltaire-Christy-Silk-Camisole-Top-Jessica-13-reasons-why.jpg,13-reasons-why,Prom,4,09,Alisha Boe,Jessica Davis,https://uploads.wornontv.net/2020/06/jessica-black-lace-trim-cami.jpg,Mainstream,,,,,,WornOnTv,"13 Reasons Why, Jessica Davis, Alisha Boe, 13 Reasons Why: Season 4 Episode 9, Zadig and Voltaire, ",,,,,,,,https://wornontv.net/dottv/assets/products/Christy-Deluxe-Rhinestone-Camisole-188313-1056471591760557.jpg,Verishop,$198,,,,,
61076,,https://wornontv.net/149381/,Ani (played by Grace Saif) on 13 Reasons Why on Netflix was spotted wearing this black denim pinafore dress on 13 Reasons Why on episode &amp;#039;&amp;#039; (3x02) in Aug 2019. Ani's Dress is the The Palms Dress by Ksubi. ,Ani’s black denim pinafore dress on 13 Reasons Why,,Dress,The Palms Dress by Ksubi,https://uploads.wornontv.net/2019/08/Ksubi-The-Palms-Dress-Grace-Saif-13-reasons-why.jpg,13-reasons-why,"If You're Breathing, You're A Liar",3,02,Grace Saif,Ani,https://uploads.wornontv.net/2019/08/ani-black-denim-pinafore-dress.jpg,Mainstream,,,,,,WornOnTv,"13 Reasons Why, Ani, Grace Saif, 13 Reasons Why: Season 3 Episode 2, Ksubi, ",,,,,,,,https://wornontv.net/dottv/assets/products/Ksubi-The-Palms-Dress-149381-841291566869480.jpg,Shopbop,$240,https://www.shopbop.com/palms-dress-ksubi/vp/v=1/1586679839.htm,,,,
36723,,https://wornontv.net/69413/,Hannah Baker (played by Katherine Langford) on 13 Reasons Why on Netflix was spotted wearing this Broken Social Scene tree t-shirt on 13 Reasons Why on episode &amp;#039;&amp;#039; (1x02) in Apr 2017. Hannah's Top is the Tree City T-Shirt by A&amp;C. ,Hannah’s Broken Social Scene tree t-shirt on 13 Reasons Why,,Top,Tree City T-Shirt by A&C,https://uploads.wornontv.net/2017/04/Broken-Social-Scene-Tree-City-T-Shirt-hannah-13rw.jpg,13-reasons-why,"Tape 1, Side B",1,02,Katherine Langford,Hannah Baker,https://uploads.wornontv.net/2017/04/hannah-broken-social-scene-tree-tee.jpg,Mainstream,,,,,,WornOnTv,"13 Reasons Why, Hannah Baker, Katherine Langford, 13 Reasons Why: Season 1 Episode 2, A&amp;C, ",,,,,,,,https://wornontv.net/dottv/assets/products/Broken-Social-Scene---Tree-City-T-Shirt-69413-43309.jpg,A&C,$15,,,,,
23548,,https://wornontv.net/149540/,Jessica Davis (played by Alisha Boe) on 13 Reasons Why on Netflix was spotted wearing this mustard v-neck tee on 13 Reasons Why on episode &amp;#039;&amp;#039; (3x05) in Aug 2019. Jessica's Top is the Whisper Cotton V-Neck Pocket Tee by Madewell. ,Jessica’s mustard v-neck tee on 13 Reasons Why,,Top,Whisper Cotton V-Neck Pocket Tee by Madewell,https://uploads.wornontv.net/2019/08/Madewell-Whisper-Cotton-V-Neck-Pocket-Tee-Grace-Saif-13-Reasons-Why.jpg,13-reasons-why,Nobody's Clean,3,05,Alisha Boe,Jessica Davis,https://uploads.wornontv.net/2019/08/yellow-v-neck-pocket-tee.jpg,Mainstream,,,,,,WornOnTv,"13 Reasons Why, Jessica Davis, Alisha Boe, 13 Reasons Why: Season 3 Episode 5, Madewell, ",,,,,,,,https://wornontv.net/dottv/assets/products/Madewell Whisper Cotton V-Neck Pocket Tee  Regular  amp  Plus Size    Nordstrom-149540-842171566956418.jpg,Nordstrom,no longer available,https://shop.nordstrom.com/s/madewell-whisper-cotton-v-neck-pocket-tee-regular-plus-size/5317093,https://wornontv.net/dottv/assets/products/Madewell Whisper Cotton V-Neck Pocket Tee  Regular  amp  Plus Size    Nordstrom-149540-842171566956418.jpg,Nordstrom,no longer available,https://shop.nordstrom.com/s/madewell-whisper-cotton-v-neck-pocket-tee-regular-plus-size/5317093
61789,,https://wornontv.net/101302/,Sheri Holland (played by Ajiona Alexus) on 13 Reasons Why on Netflix was spotted wearing this graffiti print crop top on 13 Reasons Why on episode &amp;#039;&amp;#039; (2x08) in May 2018. Sheri's Top is the AO X Basquiat Long Sleeve Crop Top by Alice + Olivia . ,Sheri’s graffiti print crop top on 13 Reasons Why,,Top,AO X Basquiat Long Sleeve Crop Top by Alice + Olivia (Thanks Abigail!),https://uploads.wornontv.net/2018/05/alice-and-olivia-AO-X-Basquiat-Long-Sleeve-Crop-Top-Ajiona-Alexus-13-Reasons-Why.jpg,13-reasons-why,The Little Girl,2,08,Ajiona Alexus,Sheri Holland,https://uploads.wornontv.net/2018/05/graffiti-print-crop-top.jpg,Mainstream,,,,,,WornOnTv,"13 Reasons Why, Sheri Holland, Ajiona Alexus, 13 Reasons Why: Season 2 Episode 8, Alice + Olivia, ",,,,,,,,https://wornontv.net/dottv/assets/products/alice---olivia-AO-X-Basquiat-Long-Sleeve-Crop-Top-101302-59530.jpg,Shopbop,$250,https://www.shopbop.com/delaina-pritned-long-sleeve-crop/vp/v=1/1576856725.htm,,,,
85938,,https://wornontv.net/101395/,Jessica Davis (played by Alisha Boe) on 13 Reasons Why on Netflix was spotted wearing this yellow printed keyhole dress on 13 Reasons Why on episode &amp;#039;&amp;#039; (2x10) in May 2018. Jessica's Dress is the Tyler Split-Neck Bell-Sleeve Mini Dress by Ecote at Urban Outfitters. ,Jessica’s yellow printed keyhole dress on 13 Reasons Why,,Dress,Tyler Split-Neck Bell-Sleeve Mini Dress by Ecote at Urban Outfitters,https://uploads.wornontv.net/2018/05/Ecote-Tyler-Split-Neck-Bell-Sleeve-Dark-Yellow-Mini-Dress-Alisha-Boe-13-Reasons-Why.jpg,13-reasons-why,"Smile, B...es",2,10,Alisha Boe,Jessica Davis,https://uploads.wornontv.net/2018/05/yellow-floral-print-keyhole-dress.jpg,Mainstream,,,,,,WornOnTv,"13 Reasons Why, Jessica Davis, Alisha Boe, 13 Reasons Why: Season 2 Episode 10, Ecote, ",,,,,,,,https://wornontv.net/dottv/assets/products/Ecote-Tyler-Split-Neck-Bell-Sleeve-Mini-Dress-101395-59572.jpg,Urban Outfitters,no longer available,https://www.urbanoutfitters.com/shop/ecote-tyler-split-neck-bell-sleeve-mini-dress,,,,
97074,,https://wornontv.net/149322/,Jessica Davis (played by Alisha Boe) on 13 Reasons Why on Netflix was spotted wearing this colorblock leather bomber jacket on 13 Reasons Why on episode &amp;#039;&amp;#039; (3x01) in Aug 2019. Jessica's Jacket is the Atley Bomber Jacket by All Saints . Jessica's Sweater is the Pocket Tee Sweater by Madewell. ,Jessica’s colorblock leather bomber jacket on 13 Reasons Why,,Jacket,Atley Bomber Jacket by All Saints,https://uploads.wornontv.net/2019/08/All-Saints-Atley-Bomber-Jacket-Alisha-Boe-13-Reasons-Why.jpg,13-reasons-why,Yeah. I'm the New Girl,3,01,Alisha Boe,Jessica Davis,https://uploads.wornontv.net/2019/08/colorblock-bomber-jacket.jpg,Mainstream,,,,,,WornOnTv,"13 Reasons Why, Jessica Davis, Alisha Boe, 13 Reasons Why: Season 3 Episode 1, All Saints, Madewell, ",,,,,,,,https://wornontv.net/dottv/assets/products/Pocket-Tee-Sweater-149322-841641566878127.jpg,Madewell,no longer available,3;url=https://www.anrdoezrs.net/click-7900573-13454258?sid=5620092155,,,,
97074,,https://wornontv.net/149322/,Jessica Davis (played by Alisha Boe) on 13 Reasons Why on Netflix was spotted wearing this colorblock leather bomber jacket on 13 Reasons Why on episode &amp;#039;&amp;#039; (3x01) in Aug 2019. Jessica's Jacket is the Atley Bomber Jacket by All Saints . Jessica's Sweater is the Pocket Tee Sweater by Madewell. ,Jessica’s colorblock leather bomber jacket on 13 Reasons Why,,Sweater,Pocket Tee Sweater by Madewell,https://uploads.wornontv.net/2019/08/Madewell-Pocket-Tee-Sweater-Alisha-Boe-13-Reasons-Why.jpg,13-reasons-why,Yeah. I'm the New Girl,3,01,Alisha Boe,Jessica Davis,https://uploads.wornontv.net/2019/08/colorblock-bomber-jacket.jpg,Mainstream,,,,,,WornOnTv,"13 Reasons Why, Jessica Davis, Alisha Boe, 13 Reasons Why: Season 3 Episode 1, All Saints, Madewell, ",,,,,,,,https://wornontv.net/dottv/assets/products/Pocket-Tee-Sweater-149322-841641566878127.jpg,Madewell,no longer available,3;url=https://www.anrdoezrs.net/click-7900573-13454258?sid=5620092155,,,,
17953,,https://wornontv.net/188077/,Ani (played by Grace Saif) on 13 Reasons Why on Netflix was spotted wearing this black floral blouse on 13 Reasons Why on episode &amp;#039;&amp;#039; (4x01) in Jun 2020. Ani's Top is the Floral Dot Silk Blouse by Vince. ,Ani’s black floral blouse on 13 Reasons Why,,Top,Floral Dot Silk Blouse by Vince,https://uploads.wornontv.net/2020/06/Vince-Floral-Dot-Silk-Blouse-Grace-Saif-13-Reasons-Why.jpg,13-reasons-why,Winter Break,4,01,Grace Saif,Ani,https://uploads.wornontv.net/2020/06/ani-black-floral-blouse.jpg,Mainstream,,,,,,WornOnTv,"13 Reasons Why, Ani, Grace Saif, 13 Reasons Why: Season 4 Episode 1, Vince, ",,,,,,,,https://wornontv.net/dottv/assets/products/Floral-Dot-Silk-Blouse-188077-1055391591585916.jpg,Nordstrom,no longer available,https://shop.nordstrom.com/s/vince-floral-dot-silk-blouse/5114731,,,,
40168,,https://wornontv.net/149562/,Nora Walker (played by Brenda Strong) on 13 Reasons Why on Netflix was spotted wearing this burgundy belted dress on 13 Reasons Why on episode &amp;#039;&amp;#039; (3x08) in Aug 2019. Nora's Dress is the Jesabil Dress by Ted Baker. ,Nora’s burgundy belted dress on 13 Reasons Why,,Dress,Jesabil Dress by Ted Baker,https://uploads.wornontv.net/2019/08/ted-baker-Jesabil-Dress-Brenda-Strong-13-reasons-why.jpg,13-reasons-why,"In High School, Even on a Good Day, It's Hard to Tell Who's on Your Side",3,08,Brenda Strong,Nora Walker,https://uploads.wornontv.net/2019/08/nora-burgundy-belted-dress.jpg,Mainstream,,,,,,WornOnTv,"13 Reasons Why, Nora Walker, Brenda Strong, 13 Reasons Why: Season 3 Episode 8, Ted Baker, ",,,,,,,,https://wornontv.net/dottv/assets/products/Ted-Baker-Jesabil-Belted-Sheath-Dress-Women---Bloomingdale-s-149562-842281566963419.jpg,Bloomingdales,no longer available,https://www.bloomingdales.com/shop/product/ted-baker-jesabil-belted-sheath-dress?ID=2810703,,,,
30474,,https://wornontv.net/188189/,Clay Jensen (played by Dylan Minnette) on 13 Reasons Why on Netflix was spotted wearing this leather collared zip jacket on 13 Reasons Why on episode &amp;#039;&amp;#039; (4x04) in Jun 2020. Clay's Jacket is the Leather Jacket by John Varvatos Star USA. ,Clay’s leather collared zip jacket on 13 Reasons Why,,Jacket,Leather Jacket by John Varvatos Star USA,https://uploads.wornontv.net/2020/06/John-Varvatos-Star-USA-Leather-Jacket-Dylan-Minnette-13-reasons-why.jpg,13-reasons-why,Senior Camping Trip,4,04,Dylan Minnette,Clay Jensen,https://uploads.wornontv.net/2020/06/clay-leather-collared-zip-jacket.jpg,Mainstream,,,,,,WornOnTv,"13 Reasons Why, Clay Jensen, Dylan Minnette, 13 Reasons Why: Season 4 Episode 4, John Varvatos, mens, ",,,,,,,,https://wornontv.net/dottv/assets/products/Leather-Jacket-by-John-Varvatos-Star-USA-188189-1055911591666987.jpg,Nordstrom Rack,no longer available,https://www.nordstromrack.com/shop/product/3163791?color=BLACK,https://wornontv.net/dottv/assets/products/John-Varvatos-Star-U-S-A----Zip-Front-Leather-Jacket-188189-1055901591666900.jpg,Saks Fifth Avenue,$598,https://www.saksfifthavenue.com/product/show?pid=0400095913638
34347,,https://wornontv.net/149549/,Alex Standall (played by Miles Heizer) on 13 Reasons Why on Netflix was spotted wearing this gray polo on 13 Reasons Why on episode &amp;#039;&amp;#039; (3x05) in Aug 2019. Alex's Shirt is the Classic Fit Pique Polo by American Eagle. ,Alex’s gray polo on 13 Reasons Why,,Shirt,Classic Fit Pique Polo by American Eagle,https://uploads.wornontv.net/2019/08/American-Eagle-Classic-Fit-Pique-Polo-Miles-Heizer-13-Reasons-Why.jpg,13-reasons-why,Nobody's Clean,3,05,Miles Heizer,Alex Standall,https://uploads.wornontv.net/2019/08/gray-space-dye-polo.jpg,Mainstream,,,,,,WornOnTv,"13 Reasons Why, Alex Standall, Miles Heizer, 13 Reasons Why: Season 3 Episode 5, American Eagle, mens, ",,,,,,,,,,,,,,,
11643,,https://wornontv.net/149341/,Nora Walker (played by Brenda Strong) on 13 Reasons Why on Netflix was spotted wearing this stripe trim polo on 13 Reasons Why on episode &amp;#039;&amp;#039; (3x03) in Aug 2019. Nora's Top is the Striped-Trim Polo Shirt by St. John Collection. ,Nora’s stripe trim polo on 13 Reasons Why,,Top,Striped-Trim Polo Shirt by St. John Collection,https://uploads.wornontv.net/2019/08/St-John-Collection-Striped-Trim-Polo-Shirt-Brenda-Strong-13-Reasons-Why.jpg,13-reasons-why,The Good Person Is Indistinguishable from the Bad,3,03,Brenda Strong,Nora Walker,https://uploads.wornontv.net/2019/08/white-stripe-polo-shirt.jpg,Mainstream,,,,,,WornOnTv,"13 Reasons Why, Nora Walker, Brenda Strong, 13 Reasons Why: Season 3 Episode 3, St John Collection, ",,,,,,,,https://wornontv.net/dottv/assets/products/Striped-Trim Polo Shirt-149341-841061566615610.jpg,Neiman Marcus,no longer available,https://www.neimanmarcus.com/p/st-john-collection-skirt-leggings-jacket-prod196000012,,,,
64594,,https://wornontv.net/188186/,Ani (played by Grace Saif) on 13 Reasons Why on Netflix was spotted wearing this black polo top on 13 Reasons Why on episode &amp;#039;&amp;#039; (4x04) in Jun 2020. Ani's Top is the Libby Polo Top by Rag &amp;amp; Bone. ,Ani’s black polo top on 13 Reasons Why,,Top,Libby Polo Top by Rag & Bone,https://uploads.wornontv.net/2020/06/Libby-Polo-Top-by-Rag-Bone-Grace-Saif-13-reasons-why.jpg,13-reasons-why,Senior Camping Trip,4,04,Grace Saif,Ani,https://uploads.wornontv.net/2020/06/ani-black-polo-top.jpg,Mainstream,,,,,,WornOnTv,"13 Reasons Why, Ani, Grace Saif, 13 Reasons Why: Season 4 Episode 4, Rag &amp; Bone, ",,,,,,,,https://wornontv.net/dottv/assets/products/Rag--amp--Bone-Libby-Polo-188186-1055891591666642.jpg,Shopbop,$295,https://www.shopbop.com/libby-polo-rag-bone/vp/v=1/1517658830.htm?folderID=13266,,,,
17001,,https://wornontv.net/69622/,Courtney Crimsen (played by Michele Selene Ang) on 13 Reasons Why on Netflix was spotted wearing this Katy Perry costume on 13 Reasons Why on episode &amp;#039;&amp;#039; (1x04) in Apr 2017. Courtney's Shoes is the Chuck Taylor High Top Sneakers by Converse. ,Courtney’s Katy Perry costume on 13 Reasons Why,,Shoes,Chuck Taylor High Top Sneakers by Converse,https://uploads.wornontv.net/2017/04/converse-chuck-taylor-all-stars-high-top-pink-courtney-13rw.jpg,13-reasons-why,"Tape 2, Side B",1,04,Michele Selene Ang,Courtney Crimsen,https://uploads.wornontv.net/2017/04/courtneys-katy-perry-costume.jpg,Mainstream,,,,,,WornOnTv,"13 Reasons Why, Courtney Crimsen, Michele Selene Ang, 13 Reasons Why: Season 1 Episode 4, Converse, ",,,,,,,,,,,,,,,
29036,,https://wornontv.net/101376/,Tony Padilla (played by Christian Navarro) on 13 Reasons Why on Netflix was spotted wearing this gray washed out denim jacket on 13 Reasons Why on episode &amp;#039;&amp;#039; (2x09) in May 2018. Tony's Jacket is the Revend 3D Slim Jacket by G-Star Raw. ,Tony’s gray washed out denim jacket on 13 Reasons Why,,Jacket,Revend 3D Slim Jacket by G-Star Raw,https://uploads.wornontv.net/2018/05/g-star-Revend-3D-Slim-Jacket-Christian-Navarro-13-Reasons-Why.jpg,13-reasons-why,The Missing Page,2,09,Christian Navarro,Tony Padilla,https://uploads.wornontv.net/2018/05/washed-out-gray-denim-jacket.jpg,Mainstream,,,,,,WornOnTv,"13 Reasons Why, Tony Padilla, Christian Navarro, 13 Reasons Why: Season 2 Episode 9, G-Star Raw, mens, ",,,,,,,,https://wornontv.net/dottv/assets/products/Revend-3D-Slim-Jacket-by-G-Star-Raw-101376-59561.jpg,G-Star Raw,$240,,,,,
88739,,https://wornontv.net/188296/,Jessica Davis (played by Alisha Boe) on 13 Reasons Why on Netflix was spotted wearing this black denim jacket with white stitching on 13 Reasons Why on episode &amp;#039;&amp;#039; (4x07) in Jun 2020. Jessica's Jacket is the Contrast Stitch Cropped Denim Jacket in black by Boohoo. ,Jessica’s black denim jacket with white stitching on 13 Reasons Why,,Jacket,Contrast Stitch Cropped Denim Jacket in black by Boohoo,https://uploads.wornontv.net/2020/06/Boohoo-contrast-stitch-cropped-denim-jacket-in-black-Alisha-Boe-13-reasons-why.jpg,13-reasons-why,College Interview,4,07,Alisha Boe,Jessica Davis,https://uploads.wornontv.net/2020/06/jessica-black-cropped-denim-jacket-with-white-stitching.jpg,Mainstream,,,,,,WornOnTv,"13 Reasons Why, Jessica Davis, Alisha Boe, 13 Reasons Why: Season 4 Episode 7, Boohoo, ",,,,,,,,https://wornontv.net/dottv/assets/products/Contrast-Stitch-Cropped-Denim-Jacket-in-black-by-Boohoo-188296-1056401591758968.jpg,Asos,no longer available,3;url=https://shopstyle.evyy.net/c/57486/755404/10982?u=https://www.asos.com/us/boohoo/boohoo-contrast-stitch-cropped-denim-jacket-in-black/prd/10337309?xaffid=25379%26r=1,,,,
74483,,https://wornontv.net/69668/,Courtney Crimsen (played by Michele Selene Ang) on 13 Reasons Why on Netflix was spotted wearing this grey cable knit top and skirt on 13 Reasons Why on episode &amp;#039;&amp;#039; (1x05) in Apr 2017. Courtney's Top is the Klynn Cable Knit Top by Alice + Olivia . Courtney's Skirt is the Elsie Cable Knit Skirt by Alice + Olivia . Courtney's Bag is the Boombox Satchel by Kate Spade. ,Courtney’s grey cable knit top and skirt on 13 Reasons Why,,Top,Klynn Cable Knit Top by Alice + Olivia,https://uploads.wornontv.net/2017/04/alice-Olivia-Klynn-Top-and-Elsie-Skirt-in-Cable-Knit-courtney-13rw.jpg,13-reasons-why,"Tape 3, Side A ",1,05,Michele Selene Ang,Courtney Crimsen,https://uploads.wornontv.net/2017/04/courtney-grey-cable-knit-top-skirt.jpg,Mainstream,,,,,,WornOnTv,"13 Reasons Why, Courtney Crimsen, Michele Selene Ang, 13 Reasons Why: Season 1 Episode 5, Alice + Olivia, Kate Spade, ",,,,,,,,https://wornontv.net/dottv/assets/products/Alice---Olivia-Kylnn-Tank-in-Charcoal-from-Revolve-com-63768-40438.jpg,Revolve,$124,3;url=https://www.anrdoezrs.net/click-7900573-11017645?sid=5620093495,,,,
74483,,https://wornontv.net/69668/,Courtney Crimsen (played by Michele Selene Ang) on 13 Reasons Why on Netflix was spotted wearing this grey cable knit top and skirt on 13 Reasons Why on episode &amp;#039;&amp;#039; (1x05) in Apr 2017. Courtney's Top is the Klynn Cable Knit Top by Alice + Olivia . Courtney's Skirt is the Elsie Cable Knit Skirt by Alice + Olivia . Courtney's Bag is the Boombox Satchel by Kate Spade. ,Courtney’s grey cable knit top and skirt on 13 Reasons Why,,Skirt,Elsie Cable Knit Skirt by Alice + Olivia,https://uploads.wornontv.net/2017/04/kate-spade-boombox-satchel-courtney-13rw.jpg,13-reasons-why,"Tape 3, Side A ",1,05,Michele Selene Ang,Courtney Crimsen,https://uploads.wornontv.net/2017/04/courtney-grey-cable-knit-top-skirt.jpg,Mainstream,,,,,,WornOnTv,"13 Reasons Why, Courtney Crimsen, Michele Selene Ang, 13 Reasons Why: Season 1 Episode 5, Alice + Olivia, Kate Spade, ",,,,,,,,https://wornontv.net/dottv/assets/products/Alice---Olivia-Kylnn-Tank-in-Charcoal-from-Revolve-com-63768-40438.jpg,Revolve,$124,3;url=https://www.anrdoezrs.net/click-7900573-11017645?sid=5620093495,,,,
74483,,https://wornontv.net/69668/,Courtney Crimsen (played by Michele Selene Ang) on 13 Reasons Why on Netflix was spotted wearing this grey cable knit top and skirt on 13 Reasons Why on episode &amp;#039;&amp;#039; (1x05) in Apr 2017. Courtney's Top is the Klynn Cable Knit Top by Alice + Olivia . Courtney's Skirt is the Elsie Cable Knit Skirt by Alice + Olivia . Courtney's Bag is the Boombox Satchel by Kate Spade. ,Courtney’s grey cable knit top and skirt on 13 Reasons Why,,Bag,Boombox Satchel by Kate Spade,https://uploads.wornontv.net/2017/04/alice-Olivia-Klynn-Top-and-Elsie-Skirt-in-Cable-Knit-courtney-13rw.jpg,13-reasons-why,"Tape 3, Side A ",1,05,Michele Selene Ang,Courtney Crimsen,https://uploads.wornontv.net/2017/04/courtney-grey-cable-knit-top-skirt.jpg,Mainstream,,,,,,WornOnTv,"13 Reasons Why, Courtney Crimsen, Michele Selene Ang, 13 Reasons Why: Season 1 Episode 5, Alice + Olivia, Kate Spade, ",,,,,,,,https://wornontv.net/dottv/assets/products/Alice---Olivia-Kylnn-Tank-in-Charcoal-from-Revolve-com-63768-40438.jpg,Revolve,$124,3;url=https://www.anrdoezrs.net/click-7900573-11017645?sid=5620093495,,,,
74432,,https://wornontv.net/69743/,Hannah Baker (played by Katherine Langford) on 13 Reasons Why on Netflix was spotted wearing this green horse print top on 13 Reasons Why on episode &amp;#039;&amp;#039; (1x06) in Apr 2017. Hannah's Top is the Mirrored Horse Graphic Tee by Gap. ,Hannah’s green horse print top on 13 Reasons Why,,Top,Mirrored Horse Graphic Tee by Gap,https://uploads.wornontv.net/2017/04/gap-mirrored-horse-graphic-tee-hannah-13rw.jpg,13-reasons-why,"Tape 3, Side B",1,06,Katherine Langford,Hannah Baker,https://uploads.wornontv.net/2017/04/hannahs-green-horse-tee.jpg,Mainstream,,,,,,WornOnTv,"13 Reasons Why, Hannah Baker, Katherine Langford, 13 Reasons Why: Season 1 Episode 6, Gap, ",,,,,,,,https://wornontv.net/dottv/assets/products/Mirrored-Horse-Graphic-Tee-69743-43496.jpg,Gap,no longer available,3;url=https://shopstyle.evyy.net/c/57486/383244/5553?u=http://www.gap.com/browse/category.do?cid=17076%26sop=true%26departmentRedirect=true%23pageId=0%26department=136,,,,
49680,,https://wornontv.net/188083/,Jessica Davis (played by Alisha Boe) on 13 Reasons Why on Netflix was spotted wearing this gray moto jacket on 13 Reasons Why on episode &amp;#039;&amp;#039; (4x01) in Jun 2020. ,Jessica’s gray moto jacket on 13 Reasons Why,,,,,13-reasons-why,Winter Break,4,01,Alisha Boe,Jessica Davis,https://uploads.wornontv.net/2020/06/jessica-gray-leather-moto-jacket.jpg,Mainstream,,,,,,WornOnTv,"13 Reasons Why, Jessica Davis, Alisha Boe, 13 Reasons Why: Season 4 Episode 1, ",,,,,,,,,,,,https://wornontv.net/dottv/assets/products/Ashville-biker-jacket-188083-1055421591586935.jpg,Farfetch,$946,https://www.farfetch.com/shopping/women/iro-ashville-biker-jacket-item-14785920.aspx
45923,,https://wornontv.net/70022/,Olivia Baker (played by Kate Walsh) on 13 Reasons Why on Netflix was spotted wearing this pink printed blouse on 13 Reasons Why on episode &amp;#039;&amp;#039; (1x12) in Apr 2017. Olivia's Top is the Bianca Blouse by LAgence . ,Olivia’s pink printed blouse on 13 Reasons Why,,Top,Bianca Blouse by LAgence,https://uploads.wornontv.net/2017/04/lagence-bianca-blouse-olivia-13rw.jpg,13-reasons-why,"Tape 6, Side B",1,12,Kate Walsh,Olivia Baker,https://uploads.wornontv.net/2017/04/olivias-pink-printed-blouse.jpg,Mainstream,,,,,,WornOnTv,"13 Reasons Why, Olivia Baker, Kate Walsh, 13 Reasons Why: Season 1 Episode 12, L'Agence, ",,,,,,,,https://wornontv.net/dottv/assets/products/Bianca-printed-silk-crepe-de-chine-shirt-65411-41349.jpg,The Outnet,$168.75,3;url=https://prf.hn/click/camref:1100l4RUI/pubref:5620094428/destination:https://www.theoutnet.com/en-US/Shop/Product/LAgence/Bianca-printed-silk-crepe-de-chine-shirt/868894,,,,
19366,,https://wornontv.net/101648/,Courtney Crimsen (played by Michele Selene Ang) on 13 Reasons Why on Netflix was spotted wearing this black floral print collared dress on 13 Reasons Why on episode &amp;#039;&amp;#039; (2x13) in May 2018. Courtney's Dress is the Kaleesa Chelsea Flower Collar Dress by Ted Baker. ,Courtney’s black floral print collared dress on 13 Reasons Why,,Dress,Kaleesa Chelsea Flower Collar Dress by Ted Baker,https://uploads.wornontv.net/2018/05/Ted-Baker-Chelsea-Flower-collar-dress-Michele-Selene-Ang-13-Reasons-Why.jpg,13-reasons-why,Bye,2,13,Michele Selene Ang,Courtney Crimsen,https://uploads.wornontv.net/2018/05/black-floral-print-collared-top.jpg,Mainstream,,,,,,WornOnTv,"13 Reasons Why, Courtney Crimsen, Michele Selene Ang, 13 Reasons Why: Season 2 Episode 13, Ted Baker, ",,,,,,,,https://wornontv.net/dottv/assets/products/Ted-Baker-London-Kaleesa-Chelsea-Flower-Collar-Dress-101648-59750.jpg,Nordstrom,no longer available,https://shop.nordstrom.com/s/ted-baker-london-kaleesa-chelsea-flower-collar-dress/4783985,,,,
16319,,https://wornontv.net/149804/,Jessica Davis (played by Alisha Boe) on 13 Reasons Why on Netflix was spotted wearing this cropped denim jacket and skirt on 13 Reasons Why on episode &amp;#039;&amp;#039; (3x12) in Aug 2019. Jessica's Skirt is the Understated Suede Mini Skirt by Free People . Jessica's Jacket is the Denim Sherpa Cropped Trucker Jacket by Levi. ,Jessica’s cropped denim jacket and skirt on 13 Reasons Why,,Skirt,Understated Suede Mini Skirt by Free People,https://uploads.wornontv.net/2019/08/Free-People-Understated-Suede-Mini-Skirt-Alisha-Boe-13-Reasons-Why-1.jpg,13-reasons-why,And Then the Hurricane Hit,3,12,Alisha Boe,Jessica Davis,https://uploads.wornontv.net/2019/08/denim-jacket-and-suede-skirt.jpg,Mainstream,,,,,,WornOnTv,"13 Reasons Why, Jessica Davis, Alisha Boe, 13 Reasons Why: Season 3 Episode 11, 13 Reasons Why: Season 3 Episode 12, Free People, Levis, ",,,,,,,,https://wornontv.net/dottv/assets/products/Denim-Sherpa-Cropped-Trucker-Jacket-149804-843651567123773.jpg,Urban Outfitters,no longer available,https://www.urbanoutfitters.com/shop/levis-denim-sherpa-cropped-trucker-jacket,,,,
16319,,https://wornontv.net/149804/,Jessica Davis (played by Alisha Boe) on 13 Reasons Why on Netflix was spotted wearing this cropped denim jacket and skirt on 13 Reasons Why on episode &amp;#039;&amp;#039; (3x12) in Aug 2019. Jessica's Skirt is the Understated Suede Mini Skirt by Free People . Jessica's Jacket is the Denim Sherpa Cropped Trucker Jacket by Levi. ,Jessica’s cropped denim jacket and skirt on 13 Reasons Why,,Jacket,Denim Sherpa Cropped Trucker Jacket by Levi,https://uploads.wornontv.net/2019/08/Levi-Denim-Sherpa-Cropped-Trucker-Jacket-Alisha-Boe-13-Reasons-why-1.jpg,13-reasons-why,And Then the Hurricane Hit,3,12,Alisha Boe,Jessica Davis,https://uploads.wornontv.net/2019/08/denim-jacket-and-suede-skirt.jpg,Mainstream,,,,,,WornOnTv,"13 Reasons Why, Jessica Davis, Alisha Boe, 13 Reasons Why: Season 3 Episode 11, 13 Reasons Why: Season 3 Episode 12, Free People, Levis, ",,,,,,,,https://wornontv.net/dottv/assets/products/Denim-Sherpa-Cropped-Trucker-Jacket-149804-843651567123773.jpg,Urban Outfitters,no longer available,https://www.urbanoutfitters.com/shop/levis-denim-sherpa-cropped-trucker-jacket,,,,
57613,,https://wornontv.net/101014/,Courtney Crimsen (played by Michele Selene Ang) on 13 Reasons Why on Netflix was spotted wearing this black dot and floral print dress on 13 Reasons Why on episode &amp;#039;&amp;#039; (2x02) in May 2018. Courtney's Dress is the Camelia Dots Dress by The Kooples. ,Courtney’s black dot and floral print dress on 13 Reasons Why,,Dress,Camelia Dots Dress by The Kooples,https://uploads.wornontv.net/2018/05/The-Kooples-Camelia-Dots-Dress-Michele-Selene-Ang-13-reasons-why.jpg,13-reasons-why,Two Girls Kissing,2,02,Michele Selene Ang,Courtney Crimsen,https://uploads.wornontv.net/2018/05/black-dot-floral-print-dress.jpg,Mainstream,,,,,,WornOnTv,"13 Reasons Why, Courtney Crimsen, Michele Selene Ang, 13 Reasons Why: Season 2 Episode 2, The Kooples, ",,,,,,,,https://wornontv.net/dottv/assets/products/The-Kooples-Camelia-Dots-Dress-101014-59362.jpg,Shopbop,$425,https://www.shopbop.com/camelia-dots-dress-kooples/vp/v=1/1559387850.htm,,,,
33667,,https://wornontv.net/101061/,Chloe Rice (played by Anne Winters) on 13 Reasons Why on Netflix was spotted wearing this white flamingo print tee on 13 Reasons Why on episode &amp;#039;&amp;#039; (2x04) in May 2018. Chloe's Top is the short-sleeve flamingo-print top by Kate Spade. ,Chloe’s white flamingo print tee on 13 Reasons Why,,Top,short-sleeve flamingo-print top by Kate Spade,https://uploads.wornontv.net/2018/05/Kate-Spade-short-sleeve-flamingo-print-top-Anne-Winters-13-Reasons-Why.jpg,13-reasons-why,The Second Polaroid,2,04,Anne Winters,Chloe Rice,https://uploads.wornontv.net/2018/05/white-flamingo-print-t-shirt.jpg,Mainstream,,,,,,WornOnTv,"13 Reasons Why, Chloe Rice, Anne Winters, 13 Reasons Why: Season 2 Episode 4, Kate Spade, ",,,,,,,,https://wornontv.net/dottv/assets/products/span-class--N6sL8d--Shop-for--quot-https---www-neimanmarc----on-Google--span-101061-59386.jpg,Neiman Marcus,no longer available,https://www.neimanmarcus.com/kate-spade-new-york-short-sleeve-flamingo-print-top/prod179250147/p.prod,,,,
76300,,https://wornontv.net/149310/,Ani (played by Grace Saif) on 13 Reasons Why on Netflix was spotted wearing this white snake Lust top on 13 Reasons Why on episode &amp;#039;&amp;#039; (3x02) in Aug 2019. Ani's Top is the Snakes &amp;amp; Roses Lust Graphic Tank by Chaser. ,Ani’s white snake Lust top on 13 Reasons Why,,Top,Snakes & Roses Lust Graphic Tank by Chaser,https://uploads.wornontv.net/2019/08/Snakes-Roses-Lust-Graphic-Tank-by-Chaser-Grace-Saif-13-reasons-why.jpg,13-reasons-why,"If You're Breathing, You're A Liar",3,02,Grace Saif,Ani,https://uploads.wornontv.net/2019/08/Ani-white-snake-lust-top.jpg,Mainstream,,,,,,WornOnTv,"13 Reasons Why, Ani, Grace Saif, 13 Reasons Why: Season 3 Episode 2, Chaser, ",,,,,,,,https://wornontv.net/dottv/assets/products/Snakes-Roses-Lust-Graphic-Tank-by-Chaser-149310-840961566610416.jpg,Last Call,no longer available,,,,,
30763,,https://wornontv.net/69632/,Jessica Davis (played by Alisha Boe) on 13 Reasons Why on Netflix was spotted wearing this halloween costume on 13 Reasons Why on episode &amp;#039;&amp;#039; (1x04) in Apr 2017. Jessica's Jacket is the Leather Biker Jacket by H&amp;M. ,Jessica’s halloween costume on 13 Reasons Why,,Jacket,Leather Biker Jacket by H&M,https://uploads.wornontv.net/2017/04/hm-Leather-Biker-Jacket-jessica-13rw.jpg,13-reasons-why,"Tape 2, Side B",1,04,Alisha Boe,Jessica Davis,https://uploads.wornontv.net/2017/04/jessicas-nancy-costume.jpg,Mainstream,,,,,,WornOnTv,"13 Reasons Why, Jessica Davis, Alisha Boe, 13 Reasons Why: Season 1 Episode 4, H&amp;M, ",,,,,,,,https://wornontv.net/dottv/assets/products/Leather-Biker-Jacket-69632-43425.jpg,H&M,$249,http://www.hm.com/us/product/58817?article=58817-A,https://wornontv.net/dottv/assets/products/Seamless-Stretch-Bralette---Forever-21---2000081316-69632-43431.jpg,Forever 21,$12,
27875,,https://wornontv.net/188222/,Zach Dempsey (played by Ross Butler) on 13 Reasons Why on Netflix was spotted wearing this black leather stripe moto jacket on 13 Reasons Why on episode &amp;#039;&amp;#039; (4x05) in Jun 2020. Zach's Jacket is the Leather and nylon biker jacket by Diesel. ,Zach’s black leather stripe moto jacket on 13 Reasons Why,,Jacket,Leather and nylon biker jacket by Diesel,https://uploads.wornontv.net/2020/06/Diesel-L-Solove-Leather-and-nylon-biker-jacket-Zach-13-REasons-Why.jpg,13-reasons-why,House Party,4,05,Ross Butler,Zach Dempsey,https://uploads.wornontv.net/2020/06/zach-stripe-leather-moto-jacket.jpg,Mainstream,,,,,,WornOnTv,"13 Reasons Why, Zach Dempsey, Ross Butler, 13 Reasons Why: Season 4 Episode 5, Diesel, mens, ",,,,,,,,https://wornontv.net/dottv/assets/products/Leather-and-nylon-biker-jacket-188222-1056051591678770.jpg,Diesel,$898,3;url=https://shop.diesel.com/en/leather-jackets/l-solove/00SUDC0JAUW.html,,,,
33949,,https://wornontv.net/69740/,Olivia Baker (played by Kate Walsh) on 13 Reasons Why on Netflix was spotted wearing this red printed v-neck top on 13 Reasons Why on episode &amp;#039;&amp;#039; (1x06) in Apr 2017. Olivia's Top is the Macy b Top by Joie. ,Olivia’s red printed v-neck top on 13 Reasons Why,,Top,Macy b Top by Joie,https://uploads.wornontv.net/2017/04/joie-macy-b-top-olivia-13rw.jpg,13-reasons-why,"Tape 3, Side B",1,06,Kate Walsh,Olivia Baker,https://uploads.wornontv.net/2017/04/olivias-red-printed-top.jpg,Mainstream,,,,,,WornOnTv,"13 Reasons Why, Olivia Baker, Kate Walsh, 13 Reasons Why: Season 1 Episode 6, Joie, ",,,,,,,,https://wornontv.net/dottv/assets/products/Joie--Macy-B--Silk-Top--Nordstrom-Exclusive-69740-43495.jpg,Nordstrom,$218,http://shop.nordstrom.com/s/joie-macy-b-silk-top-nordstrom-exclusive/4218258,,,,
